fecha,compras_usd_millones,ventas_usd_millones,fuente
2007-01,533.92,502.65,"BCRA, anexo del Informe de Evolución del Mercado de Cambios"
2007-02,487.34,556.21,"BCRA, anexo del Informe de Evolución del Mercado de Cambios"
2007-03,609.73,722.36,"BCRA, anexo del Informe de Evolución del Mercado de Cambios"
2007-04,618.09,672.69,"BCRA, anexo del Informe de Evolución del Mercado de Cambios"
2007-05,775.02,862.31,"BCRA, anexo del Informe de Evolución del Mercado de Cambios"
2007-06,722.86,807.67,"BCRA, anexo del Informe de Evolución del Mercado de Cambios"
2007-07,1047.33,406.44,"BCRA, anexo del Informe de Evolución del Mercado de Cambios"
2007-08,1640.56,383.44,"BCRA, anexo del Informe de Evolución del Mercado de Cambios"
2007-09,1589.32,362.87,"BCRA, anexo del Informe de Evolución del Mercado de Cambios"
2007-10,1763.69,434.86,"BCRA, anexo del Informe de Evolución del Mercado de Cambios"
2007-11,1084.57,474.43,"BCRA, anexo del Informe de Evolución del Mercado de Cambios"
2007-12,880.1,546.02,"BCRA, anexo del Informe de Evolución del Mercado de Cambios"
2008-01,886.36,498.29,"BCRA, anexo del Informe de Evolución del Mercado de Cambios"
2008-02,800.97,495.04,"BCRA, anexo del Informe de Evolución del Mercado de Cambios"
2008-03,928.08,489.61,"BCRA, anexo del Informe de Evolución del Mercado de Cambios"
2008-04,1639.64,530.89,"BCRA, anexo del Informe de Evolución del Mercado de Cambios"
2008-05,2702.26,463.09,"BCRA, anexo del Informe de Evolución del Mercado de Cambios"
2008-06,2164.38,445.88,"BCRA, anexo del Informe de Evolución del Mercado de Cambios"
2008-07,1868.68,532.96,"BCRA, anexo del Informe de Evolución del Mercado de Cambios"
2008-08,1575.7,532.41,"BCRA, anexo del Informe de Evolución del Mercado de Cambios"
2008-09,1848.08,549.44,"BCRA, anexo del Informe de Evolución del Mercado de Cambios"
2008-10,3173.97,563.4,"BCRA, anexo del Informe de Evolución del Mercado de Cambios"
2008-11,1305.14,527.81,"BCRA, anexo del Informe de Evolución del Mercado de Cambios"
2008-12,1361.62,598.16,"BCRA, anexo del Informe de Evolución del Mercado de Cambios"
2009-01,1213.62,488.32,"BCRA, anexo del Informe de Evolución del Mercado de Cambios"
2009-02,1431.27,432.11,"BCRA, anexo del Informe de Evolución del Mercado de Cambios"
2009-03,2387.24,435.74,"BCRA, anexo del Informe de Evolución del Mercado de Cambios"
2009-04,1377.48,452.21,"BCRA, anexo del Informe de Evolución del Mercado de Cambios"
2009-05,1382.83,439.71,"BCRA, anexo del Informe de Evolución del Mercado de Cambios"
2009-06,2105.23,434.49,"BCRA, anexo del Informe de Evolución del Mercado de Cambios"
2009-07,1512.8,437.8,"BCRA, anexo del Informe de Evolución del Mercado de Cambios"
2009-08,1027.7,508.57,"BCRA, anexo del Informe de Evolución del Mercado de Cambios"
2009-09,942.56,591.45,"BCRA, anexo del Informe de Evolución del Mercado de Cambios"
2009-10,797.24,701.51,"BCRA, anexo del Informe de Evolución del Mercado de Cambios"
2009-11,732.15,716.9,"BCRA, anexo del Informe de Evolución del Mercado de Cambios"
2009-12,1013.56,758.83,"BCRA, anexo del Informe de Evolución del Mercado de Cambios"
2010-01,1346.84,509.18,"BCRA, anexo del Informe de Evolución del Mercado de Cambios"
2010-02,1593.78,453.19,"BCRA, anexo del Informe de Evolución del Mercado de Cambios"
2010-03,1407.13,584.61,"BCRA, anexo del Informe de Evolución del Mercado de Cambios"
2010-04,1102.59,583.36,"BCRA, anexo del Informe de Evolución del Mercado de Cambios"
2010-05,1224.12,614.85,"BCRA, anexo del Informe de Evolución del Mercado de Cambios"
2010-06,1425.97,529.72,"BCRA, anexo del Informe de Evolución del Mercado de Cambios"
2010-07,1260.62,482.13,"BCRA, anexo del Informe de Evolución del Mercado de Cambios"
2010-08,1132.05,536.25,"BCRA, anexo del Informe de Evolución del Mercado de Cambios"
2010-09,1107.55,517.93,"BCRA, anexo del Informe de Evolución del Mercado de Cambios"
2010-10,1033.54,513.91,"BCRA, anexo del Informe de Evolución del Mercado de Cambios"
2010-11,1145.46,565.02,"BCRA, anexo del Informe de Evolución del Mercado de Cambios"
2010-12,1352.47,615.27,"BCRA, anexo del Informe de Evolución del Mercado de Cambios"
2011-01,1382.01,449.15,"BCRA, anexo del Informe de Evolución del Mercado de Cambios"
2011-02,1360.38,406.44,"BCRA, anexo del Informe de Evolución del Mercado de Cambios"
2011-03,1438.28,456.7,"BCRA, anexo del Informe de Evolución del Mercado de Cambios"
2011-04,1527.23,411.39,"BCRA, anexo del Informe de Evolución del Mercado de Cambios"
2011-05,2050.57,403.75,"BCRA, anexo del Informe de Evolución del Mercado de Cambios"
2011-06,2082.03,369.05,"BCRA, anexo del Informe de Evolución del Mercado de Cambios"
2011-07,2186.88,358.03,"BCRA, anexo del Informe de Evolución del Mercado de Cambios"
2011-08,2419.09,407.16,"BCRA, anexo del Informe de Evolución del Mercado de Cambios"
2011-09,2729.7,382.48,"BCRA, anexo del Informe de Evolución del Mercado de Cambios"
2011-10,2493.2,383.18,"BCRA, anexo del Informe de Evolución del Mercado de Cambios"
2011-11,833.66,204.7,"BCRA, anexo del Informe de Evolución del Mercado de Cambios"
2011-12,875.18,269.5,"BCRA, anexo del Informe de Evolución del Mercado de Cambios"
2012-01,966.83,196.33,"BCRA, anexo del Informe de Evolución del Mercado de Cambios"
2012-02,702.24,169.19,"BCRA, anexo del Informe de Evolución del Mercado de Cambios"
2012-03,992.68,173.93,"BCRA, anexo del Informe de Evolución del Mercado de Cambios"
2012-04,1041.78,120.44,"BCRA, anexo del Informe de Evolución del Mercado de Cambios"
2012-05,843.42,97.77,"BCRA, anexo del Informe de Evolución del Mercado de Cambios"
2012-06,253.86,57.38,"BCRA, anexo del Informe de Evolución del Mercado de Cambios"
2012-07,117.19,37.89,"BCRA, anexo del Informe de Evolución del Mercado de Cambios"
2012-08,74.96,34.66,"BCRA, anexo del Informe de Evolución del Mercado de Cambios"
2012-09,48.38,27.04,"BCRA, anexo del Informe de Evolución del Mercado de Cambios"
2012-10,47.97,29.55,"BCRA, anexo del Informe de Evolución del Mercado de Cambios"
2012-11,0.15,24.53,"BCRA, anexo del Informe de Evolución del Mercado de Cambios"
2012-12,0.11,24.22,"BCRA, anexo del Informe de Evolución del Mercado de Cambios"
2013-01,0.18,14.67,"BCRA, anexo del Informe de Evolución del Mercado de Cambios"
2013-02,0.17,11.47,"BCRA, anexo del Informe de Evolución del Mercado de Cambios"
2013-03,0.12,11.32,"BCRA, anexo del Informe de Evolución del Mercado de Cambios"
2013-04,0.08,9.74,"BCRA, anexo del Informe de Evolución del Mercado de Cambios"
2013-05,0.11,11.65,"BCRA, anexo del Informe de Evolución del Mercado de Cambios"
2013-06,0.07,7.72,"BCRA, anexo del Informe de Evolución del Mercado de Cambios"
2013-07,1.49,9.55,"BCRA, anexo del Informe de Evolución del Mercado de Cambios"
2013-08,1.53,10.02,"BCRA, anexo del Informe de Evolución del Mercado de Cambios"
2013-09,22.13,27.74,"BCRA, anexo del Informe de Evolución del Mercado de Cambios"
2013-10,2.57,10.11,"BCRA, anexo del Informe de Evolución del Mercado de Cambios"
2013-11,2.99,8.85,"BCRA, anexo del Informe de Evolución del Mercado de Cambios"
2013-12,8.21,14.87,"BCRA, anexo del Informe de Evolución del Mercado de Cambios"
2014-01,93.62,7.45,"BCRA, anexo del Informe de Evolución del Mercado de Cambios"
2014-02,165.56,7.24,"BCRA, anexo del Informe de Evolución del Mercado de Cambios"
2014-03,152.47,13.95,"BCRA, anexo del Informe de Evolución del Mercado de Cambios"
2014-04,131.96,8.48,"BCRA, anexo del Informe de Evolución del Mercado de Cambios"
2014-05,140.52,9.45,"BCRA, anexo del Informe de Evolución del Mercado de Cambios"
2014-06,171.22,14.64,"BCRA, anexo del Informe de Evolución del Mercado de Cambios"
2014-07,210.82,5.72,"BCRA, anexo del Informe de Evolución del Mercado de Cambios"
2014-08,257.39,6.56,"BCRA, anexo del Informe de Evolución del Mercado de Cambios"
2014-09,377.75,9.27,"BCRA, anexo del Informe de Evolución del Mercado de Cambios"
2014-10,439.28,5.37,"BCRA, anexo del Informe de Evolución del Mercado de Cambios"
2014-11,400.46,6.94,"BCRA, anexo del Informe de Evolución del Mercado de Cambios"
2014-12,445.9,34.78,"BCRA, anexo del Informe de Evolución del Mercado de Cambios"
2015-01,466.19,24.95,"BCRA, anexo del Informe de Evolución del Mercado de Cambios"
2015-02,469.17,23.09,"BCRA, anexo del Informe de Evolución del Mercado de Cambios"
2015-03,503.02,30.86,"BCRA, anexo del Informe de Evolución del Mercado de Cambios"
2015-04,491.82,9.83,"BCRA, anexo del Informe de Evolución del Mercado de Cambios"
2015-05,442.42,15.08,"BCRA, anexo del Informe de Evolución del Mercado de Cambios"
2015-06,519.7,23.79,"BCRA, anexo del Informe de Evolución del Mercado de Cambios"
2015-07,675.26,11.8,"BCRA, anexo del Informe de Evolución del Mercado de Cambios"
2015-08,673.63,7.69,"BCRA, anexo del Informe de Evolución del Mercado de Cambios"
2015-09,654.65,12.96,"BCRA, anexo del Informe de Evolución del Mercado de Cambios"
2015-10,694.41,9.35,"BCRA, anexo del Informe de Evolución del Mercado de Cambios"
2015-11,713.56,6.05,"BCRA, anexo del Informe de Evolución del Mercado de Cambios"
2015-12,1329.66,95.58,"BCRA, anexo del Informe de Evolución del Mercado de Cambios"
2016-01,1242.87,172.27,"BCRA, anexo del Informe de Evolución del Mercado de Cambios"
2016-02,1058.47,274.67,"BCRA, anexo del Informe de Evolución del Mercado de Cambios"
2016-03,1215.08,292.93,"BCRA, anexo del Informe de Evolución del Mercado de Cambios"
2016-04,903.68,309.89,"BCRA, anexo del Informe de Evolución del Mercado de Cambios"
2016-05,964.47,369.61,"BCRA, anexo del Informe de Evolución del Mercado de Cambios"
2016-06,1154.01,344.26,"BCRA, anexo del Informe de Evolución del Mercado de Cambios"
2016-07,1152.02,326.99,"BCRA, anexo del Informe de Evolución del Mercado de Cambios"
2016-08,1237.53,358.83,"BCRA, anexo del Informe de Evolución del Mercado de Cambios"
2016-09,1219.57,390.76,"BCRA, anexo del Informe de Evolución del Mercado de Cambios"
2016-10,1128.05,456.61,"BCRA, anexo del Informe de Evolución del Mercado de Cambios"
2016-11,1458.37,742.85,"BCRA, anexo del Informe de Evolución del Mercado de Cambios"
2016-12,2638.19,1814.05,"BCRA, anexo del Informe de Evolución del Mercado de Cambios"
2017-01,2017.96,651.16,"BCRA, anexo del Informe de Evolución del Mercado de Cambios"
2017-02,1794.78,508.36,"BCRA, anexo del Informe de Evolución del Mercado de Cambios"
2017-03,1885.83,967.04,"BCRA, anexo del Informe de Evolución del Mercado de Cambios"
2017-04,1697.6,709.86,"BCRA, anexo del Informe de Evolución del Mercado de Cambios"
2017-05,1789.22,939.96,"BCRA, anexo del Informe de Evolución del Mercado de Cambios"
2017-06,1877.17,1014.14,"BCRA, anexo del Informe de Evolución del Mercado de Cambios"
2017-07,2503.22,731.79,"BCRA, anexo del Informe de Evolución del Mercado de Cambios"
2017-08,2831.04,600.33,"BCRA, anexo del Informe de Evolución del Mercado de Cambios"
2017-09,2248.65,621.85,"BCRA, anexo del Informe de Evolución del Mercado de Cambios"
2017-10,2083.87,692.42,"BCRA, anexo del Informe de Evolución del Mercado de Cambios"
2017-11,2092.89,735.23,"BCRA, anexo del Informe de Evolución del Mercado de Cambios"
2017-12,2917.0,922.01,"BCRA, anexo del Informe de Evolución del Mercado de Cambios"
2018-01,2507.35,648.44,"BCRA, anexo del Informe de Evolución del Mercado de Cambios"
2018-02,1930.13,565.81,"BCRA, anexo del Informe de Evolución del Mercado de Cambios"
2018-03,2559.3,658.81,"BCRA, anexo del Informe de Evolución del Mercado de Cambios"
2018-04,2290.92,667.82,"BCRA, anexo del Informe de Evolución del Mercado de Cambios"
2018-05,3801.31,725.14,"BCRA, anexo del Informe de Evolución del Mercado de Cambios"
2018-06,2824.16,703.14,"BCRA, anexo del Informe de Evolución del Mercado de Cambios"
2018-07,2965.3,561.22,"BCRA, anexo del Informe de Evolución del Mercado de Cambios"
2018-08,2676.77,837.22,"BCRA, anexo del Informe de Evolución del Mercado de Cambios"
2018-09,1889.93,756.37,"BCRA, anexo del Informe de Evolución del Mercado de Cambios"
2018-10,1565.35,838.19,"BCRA, anexo del Informe de Evolución del Mercado de Cambios"
2018-11,1154.7,1013.04,"BCRA, anexo del Informe de Evolución del Mercado de Cambios"
2018-12,1421.05,886.41,"BCRA, anexo del Informe de Evolución del Mercado de Cambios"
2019-01,2087.91,643.48,"BCRA, anexo del Informe de Evolución del Mercado de Cambios"
2019-02,1331.17,715.92,"BCRA, anexo del Informe de Evolución del Mercado de Cambios"
2019-03,1537.26,786.12,"BCRA, anexo del Informe de Evolución del Mercado de Cambios"
2019-04,2029.33,664.88,"BCRA, anexo del Informe de Evolución del Mercado de Cambios"
2019-05,1912.35,672.19,"BCRA, anexo del Informe de Evolución del Mercado de Cambios"
2019-06,1947.15,724.79,"BCRA, anexo del Informe de Evolución del Mercado de Cambios"
2019-07,2493.2,646.95,"BCRA, anexo del Informe de Evolución del Mercado de Cambios"
2019-08,3259.69,786.65,"BCRA, anexo del Informe de Evolución del Mercado de Cambios"
2019-09,4016.83,410.74,"BCRA, anexo del Informe de Evolución del Mercado de Cambios"
2019-10,4890.37,399.59,"BCRA, anexo del Informe de Evolución del Mercado de Cambios"
2019-11,693.27,282.94,"BCRA, anexo del Informe de Evolución del Mercado de Cambios"
2019-12,757.82,617.56,"BCRA, anexo del Informe de Evolución del Mercado de Cambios"
2020-01,433.82,146.83,"BCRA, anexo del Informe de Evolución del Mercado de Cambios"
2020-02,366.64,105.09,"BCRA, anexo del Informe de Evolución del Mercado de Cambios"
2020-03,431.75,211.08,"BCRA, anexo del Informe de Evolución del Mercado de Cambios"
2020-04,490.84,146.69,"BCRA, anexo del Informe de Evolución del Mercado de Cambios"
2020-05,524.1,53.47,"BCRA, anexo del Informe de Evolución del Mercado de Cambios"
2020-06,708.03,52.83,"BCRA, anexo del Informe de Evolución del Mercado de Cambios"
2020-07,812.62,80.82,"BCRA, anexo del Informe de Evolución del Mercado de Cambios"
2020-08,825.1,101.52,"BCRA, anexo del Informe de Evolución del Mercado de Cambios"
2020-09,752.26,92.31,"BCRA, anexo del Informe de Evolución del Mercado de Cambios"
2020-10,306.03,73.68,"BCRA, anexo del Informe de Evolución del Mercado de Cambios"
2020-11,247.18,65.49,"BCRA, anexo del Informe de Evolución del Mercado de Cambios"
2020-12,230.2,148.22,"BCRA, anexo del Informe de Evolución del Mercado de Cambios"
2021-01,225.55,62.32,"BCRA, anexo del Informe de Evolución del Mercado de Cambios"
2021-02,161.84,75.0,"BCRA, anexo del Informe de Evolución del Mercado de Cambios"
2021-03,151.79,275.71,"BCRA, anexo del Informe de Evolución del Mercado de Cambios"
2021-04,128.23,103.35,"BCRA, anexo del Informe de Evolución del Mercado de Cambios"
2021-05,133.57,72.15,"BCRA, anexo del Informe de Evolución del Mercado de Cambios"
2021-06,168.97,74.48,"BCRA, anexo del Informe de Evolución del Mercado de Cambios"
2021-07,253.79,65.47,"BCRA, anexo del Informe de Evolución del Mercado de Cambios"
2021-08,221.0,80.44,"BCRA, anexo del Informe de Evolución del Mercado de Cambios"
2021-09,246.15,75.36,"BCRA, anexo del Informe de Evolución del Mercado de Cambios"
2021-10,225.6,69.04,"BCRA, anexo del Informe de Evolución del Mercado de Cambios"
2021-11,308.26,62.1,"BCRA, anexo del Informe de Evolución del Mercado de Cambios"
2021-12,240.69,82.59,"BCRA, anexo del Informe de Evolución del Mercado de Cambios"
2022-01,312.16,46.86,"BCRA, anexo del Informe de Evolución del Mercado de Cambios"
2022-02,253.72,44.34,"BCRA, anexo del Informe de Evolución del Mercado de Cambios"
2022-03,263.33,146.06,"BCRA, anexo del Informe de Evolución del Mercado de Cambios"
2022-04,193.19,69.98,"BCRA, anexo del Informe de Evolución del Mercado de Cambios"
2022-05,187.59,86.55,"BCRA, anexo del Informe de Evolución del Mercado de Cambios"
2022-06,226.53,81.91,"BCRA, anexo del Informe de Evolución del Mercado de Cambios"
2022-07,346.62,49.61,"BCRA, anexo del Informe de Evolución del Mercado de Cambios"
2022-08,308.86,54.07,"BCRA, anexo del Informe de Evolución del Mercado de Cambios"
2022-09,239.12,56.45,"BCRA, anexo del Informe de Evolución del Mercado de Cambios"
2022-10,168.82,72.3,"BCRA, anexo del Informe de Evolución del Mercado de Cambios"
2022-11,161.44,77.31,"BCRA, anexo del Informe de Evolución del Mercado de Cambios"
2022-12,174.35,106.88,"BCRA, anexo del Informe de Evolución del Mercado de Cambios"
2023-01,243.02,46.34,"BCRA, anexo del Informe de Evolución del Mercado de Cambios"
2023-02,194.86,45.46,"BCRA, anexo del Informe de Evolución del Mercado de Cambios"
2023-03,219.55,127.36,"BCRA, anexo del Informe de Evolución del Mercado de Cambios"
2023-04,281.22,53.18,"BCRA, anexo del Informe de Evolución del Mercado de Cambios"
2023-05,230.49,51.83,"BCRA, anexo del Informe de Evolución del Mercado de Cambios"
2023-06,229.35,70.86,"BCRA, anexo del Informe de Evolución del Mercado de Cambios"
2023-07,240.57,55.33,"BCRA, anexo del Informe de Evolución del Mercado de Cambios"
2023-08,277.53,49.32,"BCRA, anexo del Informe de Evolución del Mercado de Cambios"
2023-09,237.63,45.52,"BCRA, anexo del Informe de Evolución del Mercado de Cambios"
2023-10,298.78,59.41,"BCRA, anexo del Informe de Evolución del Mercado de Cambios"
2023-11,234.78,54.26,"BCRA, anexo del Informe de Evolución del Mercado de Cambios"
2023-12,88.23,231.13,"BCRA, anexo del Informe de Evolución del Mercado de Cambios"
2024-01,149.62,60.21,"BCRA, anexo del Informe de Evolución del Mercado de Cambios"
2024-02,92.06,64.59,"BCRA, anexo del Informe de Evolución del Mercado de Cambios"
2024-03,76.22,142.12,"BCRA, anexo del Informe de Evolución del Mercado de Cambios"
2024-04,121.78,128.69,"BCRA, anexo del Informe de Evolución del Mercado de Cambios"
2024-05,113.35,93.16,"BCRA, anexo del Informe de Evolución del Mercado de Cambios"
2024-06,64.52,70.63,"BCRA, anexo del Informe de Evolución del Mercado de Cambios"
2024-07,82.63,93.38,"BCRA, anexo del Informe de Evolución del Mercado de Cambios"
2024-08,76.92,146.77,"BCRA, anexo del Informe de Evolución del Mercado de Cambios"
2024-09,95.61,569.92,"BCRA, anexo del Informe de Evolución del Mercado de Cambios"
2024-10,220.74,333.37,"BCRA, anexo del Informe de Evolución del Mercado de Cambios"
2024-11,185.58,160.67,"BCRA, anexo del Informe de Evolución del Mercado de Cambios"
2024-12,143.65,183.12,"BCRA, anexo del Informe de Evolución del Mercado de Cambios"
2025-01,146.14,147.4,"BCRA, anexo del Informe de Evolución del Mercado de Cambios"
2025-02,145.02,158.1,"BCRA, anexo del Informe de Evolución del Mercado de Cambios"
2025-03,111.76,159.17,"BCRA, anexo del Informe de Evolución del Mercado de Cambios"
2025-04,2474.34,227.3,"BCRA, anexo del Informe de Evolución del Mercado de Cambios"
2025-05,3934.46,454.41,"BCRA, anexo del Informe de Evolución del Mercado de Cambios"
2025-06,4879.98,551.61,"BCRA, anexo del Informe de Evolución del Mercado de Cambios"
2025-07,6387.38,580.74,"BCRA, anexo del Informe de Evolución del Mercado de Cambios"
2025-08,4300.34,762.7,"BCRA, anexo del Informe de Evolución del Mercado de Cambios"
2025-09,7633.25,743.34,"BCRA, anexo del Informe de Evolución del Mercado de Cambios"
2025-10,6261.03,663.35,"BCRA, anexo del Informe de Evolución del Mercado de Cambios"
2025-11,2142.4,663.55,"BCRA, anexo del Informe de Evolución del Mercado de Cambios"
2025-12,3089.72,699.43,"BCRA, anexo del Informe de Evolución del Mercado de Cambios"
2026-01,3678.1,575.41,"BCRA, anexo del Informe de Evolución del Mercado de Cambios"
2026-02,3052.22,574.59,"BCRA, anexo del Informe de Evolución del Mercado de Cambios"
2026-03,2882.85,675.21,"BCRA, anexo del Informe de Evolución del Mercado de Cambios"
2026-04,3493.9,618.3,"BCRA, anexo del Informe de Evolución del Mercado de Cambios"
2026-05,2786.8,574.47,"BCRA, anexo del Informe de Evolución del Mercado de Cambios"
2026-06,3061.17,616.65,"BCRA, anexo del Informe de Evolución del Mercado de Cambios"
2026-07,4049.97,588.49,"BCRA, anexo del Informe de Evolución del Mercado de Cambios"
2026-08,3496.71,563.79,"BCRA, anexo del Informe de Evolución del Mercado de Cambios"
