fecha,cortas_usd_millones,largas_usd_millones,vendida_neta_usd_millones
2011-01,,,
2011-02,,,
2011-03,,,
2011-04,,,
2011-05,,,
2011-06,,,
2011-07,,,
2011-08,,,
2011-09,,,
2011-10,,,
2011-11,-3662.05,0.0,3662.05
2011-12,-7246.74,250.0,6996.74
2012-01,-7145.75,250.0,6895.75
2012-02,-5793.45,0.0,5793.45
2012-03,-5192.25,0.0,5192.25
2012-04,-6331.55,100.0,6231.55
2012-05,-5396.78,0.0,5396.78
2012-06,-4735.83,0.0,4735.83
2012-07,-4993.13,0.0,4993.13
2012-08,-4650.17,0.0,4650.17
2012-09,-3987.77,130.0,3857.77
2012-10,-3887.25,100.0,3787.25
2012-11,-3204.01,0.0,3204.01
2012-12,-3180.37,0.0,3180.37
2013-01,-4788.35,310.0,4478.35
2013-02,-3357.66,0.0,3357.66
2013-03,-3962.26,0.0,3962.26
2013-04,-3735.67,0.0,3735.67
2013-05,-4009.47,0.0,4009.47
2013-06,-4326.51,0.0,4326.51
2013-07,-4550.41,0.0,4550.41
2013-08,-5973.2,0.0,5973.2
2013-09,-5994.13,0.0,5994.13
2013-10,-6630.35,11.64,6618.71
2013-11,-7610.74,0.0,7610.74
2013-12,-8793.4,42.4,8751.0
2014-01,-6904.6,0.0,6904.6
2014-02,-5472.8,0.0,5472.8
2014-03,-4327.3,0.0,4327.3
2014-04,-2757.21,0.0,2757.21
2014-05,-2842.43,0.0,2842.43
2014-06,-3062.86,0.06,3062.8
2014-07,-3389.19,0.06,3389.13
2014-08,-5366.05,0.06,5365.99
2014-09,-6459.02,2.26,6456.76
2014-10,-5655.51,2.26,5653.25
2014-11,-4734.86,2.26,4732.6
2014-12,-4034.88,2.26,4032.62
2015-01,-3130.39,2.2,3128.19
2015-02,-2198.52,2.2,2196.32
2015-03,-1455.94,0.0,1455.94
2015-04,-1404.3,0.0,1404.3
2015-05,-1360.15,0.0,1360.15
2015-06,-1808.21,0.0,1808.21
2015-07,-3162.34,0.0,3162.34
2015-08,-5079.36,7.5,5071.86
2015-09,-9210.94,7.61,9203.33
2015-10,-15330.99,7.61,15323.38
2015-11,-17578.02,91.11,17486.91
2015-12,-17329.59,1325.21,16004.38
2016-01,-20809.59,7107.77,13701.82
2016-02,-16734.94,5753.28,10981.66
2016-03,-9653.84,3209.16,6444.68
2016-04,-6012.44,1940.14,4072.3
2016-05,-3261.85,982.89,2278.96
2016-06,0.0,0.0,0.0
2016-07,0.0,0.0,0.0
2016-08,0.0,0.0,0.0
2016-09,0.0,0.0,0.0
2016-10,0.0,0.0,0.0
2016-11,0.0,0.0,0.0
2016-12,0.0,0.0,0.0
2017-01,0.0,0.0,0.0
2017-02,0.0,0.0,0.0
2017-03,0.0,0.0,0.0
2017-04,0.0,0.0,0.0
2017-05,0.0,0.0,0.0
2017-06,0.0,0.0,0.0
2017-07,0.0,0.0,0.0
2017-08,0.0,0.0,0.0
2017-09,0.0,0.0,0.0
2017-10,0.0,0.0,0.0
2017-11,0.0,0.0,0.0
2017-12,0.0,0.0,0.0
2018-01,0.0,0.0,0.0
2018-02,0.0,0.0,0.0
2018-03,0.0,0.0,0.0
2018-04,0.0,0.0,0.0
2018-05,-1979.96,208.7,1771.26
2018-06,-2807.61,64.79,2742.82
2018-07,-2036.31,35.79,2000.52
2018-08,-3773.79,138.32,3635.47
2018-09,-3624.72,28.2,3596.52
2018-10,-2386.76,746.2,1640.56
2018-11,-3507.91,2186.4,1321.51
2018-12,-1018.03,1018.03,0.0
2019-01,-190.27,350.12,-159.85
2019-02,-245.19,423.16,-177.97
2019-03,-832.47,513.47,319.0
2019-04,-2006.75,1007.65,999.1
2019-05,-1344.53,2921.38,-1576.85
2019-06,-1822.55,4887.02,-3064.47
2019-07,-2238.6,4297.26,-2058.66
2019-08,-2918.6,2528.94,389.66
2019-09,-1678.84,1419.81,259.03
2019-10,-1500.72,1195.22,305.5
2019-11,-154.01,154.01,0.0
2019-12,0.0,0.0,0.0
2020-01,0.0,0.0,0.0
2020-02,-115.0,35.0,80.0
2020-03,-977.27,35.0,942.27
2020-04,-1047.26,0.0,1047.26
2020-05,-2867.28,0.0,2867.28
2020-06,-4162.6,0.0,4162.6
2020-07,-4421.7,0.0,4421.7
2020-08,-5207.44,54.5,5152.94
2020-09,-5577.08,0.0,5577.08
2020-10,-5683.12,0.0,5683.12
2020-11,-4960.31,0.0,4960.31
2020-12,-4102.87,0.0,4102.87
2021-01,-2651.63,0.0,2651.63
2021-02,-1628.02,0.0,1628.02
2021-03,-962.97,0.0,962.97
2021-04,-590.3,0.0,590.3
2021-05,0.0,0.0,0.0
2021-06,0.0,0.0,0.0
2021-07,0.0,0.0,0.0
2021-08,-378.6,0.0,378.6
2021-09,-1769.94,0.0,1769.94
2021-10,-3615.4,0.0,3615.4
2021-11,-5150.86,0.0,5150.86
2021-12,-4184.78,0.0,4184.78
2022-01,-3828.94,0.0,3828.94
2022-02,-2736.52,0.0,2736.52
2022-03,-1248.77,0.0,1248.77
2022-04,-2555.64,0.0,2555.64
2022-05,-2087.76,0.0,2087.76
2022-06,-4357.55,0.0,4357.55
2022-07,-7071.65,0.0,7071.65
2022-08,-4110.4,0.0,4110.4
2022-09,-3130.59,0.0,3130.59
2022-10,-1338.98,0.0,1338.98
2022-11,-704.88,0.0,704.88
2022-12,-586.92,0.0,586.92
2023-01,0.0,0.0,0.0
2023-02,-0.17,0.0,0.17
2023-03,-223.77,0.0,223.77
2023-04,-2393.86,0.0,2393.86
2023-05,-1337.76,0.0,1337.76
2023-06,-846.59,0.0,846.59
2023-07,-202.77,0.0,202.77
2023-08,-810.72,0.0,810.72
2023-09,-1202.4,0.0,1202.4
2023-10,-2859.18,292.0,2567.18
2023-11,0.0,0.0,0.0
2023-12,0.0,0.0,0.0
2024-01,0.0,0.0,0.0
2024-02,0.0,0.0,0.0
2024-03,0.0,0.0,0.0
2024-04,0.0,0.0,0.0
2024-05,0.0,0.0,0.0
2024-06,0.0,0.0,0.0
2024-07,0.0,0.0,0.0
2024-08,0.0,0.0,0.0
2024-09,0.0,0.0,0.0
2024-10,0.0,0.0,0.0
2024-11,0.0,0.0,0.0
2024-12,0.0,0.0,0.0
2025-01,0.0,0.0,0.0
2025-02,0.0,0.0,0.0
2025-03,-375.6,0.0,375.6
2025-04,-409.2,0.42,408.78
2025-05,-1947.08,1.0,1946.08
2025-06,-1909.08,0.0,1909.08
2025-07,-3811.61,0.0,3811.61
2025-08,-5097.21,9.0,5088.21
2025-09,-6874.79,31.01,6843.78
2025-10,-6287.01,160.01,6127.0
2025-11,-5500.17,124.01,5376.16
2025-12,-4049.41,31.01,4018.4
2026-01,-3353.45,13.01,3340.44
2026-02,-2909.16,12.01,2897.15
2026-03,-2610.24,12.01,2598.23
2026-04,-2176.46,49.01,2127.45
2026-05,-204.0,11.0,193.0
2026-06,-493.07,1.0,492.07
2026-07,-485.29,0.0,485.29
2026-08,-278.46,0.0,278.46
