fecha,valor
2014-01-02,0
2014-01-03,0
2014-01-06,0
2014-01-07,0
2014-01-08,0
2014-01-09,0
2014-01-10,0
2014-01-13,0
2014-01-14,0
2014-01-15,0
2014-01-16,0
2014-01-17,0
2014-01-20,0
2014-01-21,0
2014-01-22,0
2014-01-23,0
2014-01-24,0
2014-01-27,0
2014-01-28,0
2014-01-29,0
2014-01-30,0
2014-01-31,0
2014-02-03,0
2014-02-04,0
2014-02-05,0
2014-02-06,0
2014-02-07,0
2014-02-10,0
2014-02-11,0
2014-02-12,0
2014-02-13,0
2014-02-14,0
2014-02-17,0
2014-02-18,0
2014-02-19,0
2014-02-20,0
2014-02-21,0
2014-02-24,0
2014-02-25,0
2014-02-26,0
2014-02-27,0
2014-02-28,0
2014-03-03,0
2014-03-04,0
2014-03-05,0
2014-03-06,0
2014-03-07,0
2014-03-10,0
2014-03-11,0
2014-03-12,0
2014-03-13,0
2014-03-14,0
2014-03-17,0
2014-03-18,0
2014-03-19,0
2014-03-20,0
2014-03-21,0
2014-03-24,0
2014-03-25,0
2014-03-26,0
2014-03-27,0
2014-03-28,0
2014-03-31,0
2014-04-01,0
2014-04-02,0
2014-04-03,0
2014-04-04,0
2014-04-07,0
2014-04-08,0
2014-04-09,0
2014-04-10,0
2014-04-11,0
2014-04-14,0
2014-04-15,0
2014-04-16,0
2014-04-21,0
2014-04-22,0
2014-04-23,0
2014-04-24,0
2014-04-25,0
2014-04-28,0
2014-04-29,0
2014-04-30,0
2014-05-02,0
2014-05-05,0
2014-05-06,0
2014-05-07,0
2014-05-08,0
2014-05-09,0
2014-05-12,0
2014-05-13,0
2014-05-14,0
2014-05-15,0
2014-05-16,0
2014-05-19,0
2014-05-20,0
2014-05-21,0
2014-05-22,0
2014-05-23,0
2014-05-26,0
2014-05-27,0
2014-05-28,0
2014-05-29,0
2014-05-30,0
2014-06-02,0
2014-06-03,0
2014-06-04,0
2014-06-05,0
2014-06-06,0
2014-06-09,0
2014-06-10,0
2014-06-11,0
2014-06-12,0
2014-06-13,0
2014-06-16,0
2014-06-17,0
2014-06-18,0
2014-06-19,0
2014-06-20,0
2014-06-23,0
2014-06-24,0
2014-06-25,0
2014-06-26,0
2014-06-27,0
2014-06-30,0
2014-07-01,0
2014-07-02,0
2014-07-03,0
2014-07-04,0
2014-07-07,0
2014-07-08,0
2014-07-09,0
2014-07-10,0
2014-07-11,0
2014-07-14,0
2014-07-15,0
2014-07-16,0
2014-07-17,0
2014-07-18,0
2014-07-21,0
2014-07-22,0
2014-07-23,0
2014-07-24,0
2014-07-25,0
2014-07-30,0
2014-07-31,0
2014-08-01,0
2014-08-04,0
2014-08-05,0
2014-08-06,0
2014-08-07,0
2014-08-08,0
2014-08-11,0
2014-08-12,0
2014-08-13,0
2014-08-14,0
2014-08-15,0
2014-08-18,0
2014-08-19,0
2014-08-20,0
2014-08-21,0
2014-08-22,0
2014-08-25,0
2014-08-26,0
2014-08-27,0
2014-08-28,0
2014-08-29,0
2014-09-01,0
2014-09-02,0
2014-09-03,0
2014-09-04,0
2014-09-05,0
2014-09-08,0
2014-09-09,0
2014-09-10,0
2014-09-11,0
2014-09-12,0
2014-09-15,0
2014-09-16,0
2014-09-17,0
2014-09-18,0
2014-09-19,0
2014-09-22,0
2014-09-23,0
2014-09-24,0
2014-09-25,0
2014-09-26,0
2014-09-29,0
2014-09-30,0
2014-10-01,0
2014-10-02,0
2014-10-03,103.309
2014-10-06,103.366
2014-10-07,103.302
2014-10-09,206.484
2014-10-10,103.263
2014-10-13,0
2014-10-14,0
2014-10-15,182.303
2014-10-16,103.238
2014-10-17,0
2014-10-20,0
2014-10-21,0
2014-10-22,0
2014-10-23,79.1003
2014-10-24,206.22
2014-10-27,308.705
2014-10-28,282.932
2014-10-29,102.934
2014-10-30,102.821
2014-10-31,393.337
2014-11-03,205.107
2014-11-04,102.459
2014-11-05,0
2014-11-06,161.476
2014-11-07,0
2014-11-10,307.23
2014-11-11,204.632
2014-11-12,304.034
2014-11-13,204.471
2014-11-14,66.1123
2014-11-17,0
2014-11-18,0
2014-11-19,0
2014-11-20,0
2014-11-21,90.8623
2014-11-24,102.856
2014-11-25,0
2014-11-26,0
2014-11-27,0
2014-11-28,205.473
2014-12-01,204.924
2014-12-02,305.95
2014-12-03,0
2014-12-04,101.781
2014-12-05,203.19
2014-12-09,202.422
2014-12-10,101.293
2014-12-11,404.054
2014-12-12,201.964
2014-12-15,0
2014-12-16,202.041
2014-12-17,0
2014-12-18,0
2014-12-19,101.639
2014-12-22,201.871
2014-12-23,0
2014-12-24,100.718
2014-12-26,0
2014-12-29,401.506
2014-12-30,301.114
2014-12-31,100.702
2015-01-05,535.153
2015-01-06,201.14
2015-01-07,100.418
2015-01-08,0
2015-01-09,0
2015-01-12,200.79
2015-01-13,100.546
2015-01-14,400.775
2015-01-15,300.31
2015-01-16,298.676
2015-01-19,0
2015-01-20,0
2015-01-21,0
2015-01-22,0
2015-01-23,298.468
2015-01-26,198.439
2015-01-27,0
2015-01-28,297.108
2015-01-29,295.537
2015-01-30,392.195
2015-02-02,98.0136
2015-02-03,0
2015-02-04,0
2015-02-05,97.9848
2015-02-06,195.535
2015-02-09,0
2015-02-10,97.4849
2015-02-11,193.999
2015-02-12,0
2015-02-13,0
2015-02-16,0
2015-02-17,0
2015-02-18,0
2015-02-19,97.2227
2015-02-20,97.1754
2015-02-23,194.093
2015-02-24,0
2015-02-25,96.9243
2015-02-26,0
2015-02-27,193.949
2015-03-02,290.698
2015-03-03,0
2015-03-04,96.9744
2015-03-05,322.778
2015-03-06,580.57
2015-03-09,193.667
2015-03-10,290.369
2015-03-11,387.309
2015-03-12,193.58
2015-03-13,290.285
2015-03-16,96.8679
2015-03-17,0
2015-03-18,154.919
2015-03-19,0
2015-03-20,0
2015-03-23,0
2015-03-24,0
2015-03-25,97.8729
2015-03-26,0
2015-03-27,194.107
2015-03-30,96.8992
2015-03-31,96.9024
2015-04-01,193.899
2015-04-06,194.062
2015-04-07,387.209
2015-04-08,386.598
2015-04-09,577.905
2015-04-10,384.307
2015-04-13,383.951
2015-04-14,192.363
2015-04-15,384
2015-04-16,192.055
2015-04-17,191.957
2015-04-20,191.914
2015-04-21,159.597
2015-04-22,383.019
2015-04-23,191.51
2015-04-24,95.7274
2015-04-27,90.9265
2015-04-28,95.9632
2015-04-29,96.1754
2015-04-30,287.742
2015-05-04,286.269
2015-05-05,304.888
2015-05-06,190.688
2015-05-07,272.661
2015-05-08,0
2015-05-11,145.226
2015-05-12,76.118
2015-05-13,79.3021
2015-05-14,76.2195
2015-05-15,95.3592
2015-05-18,0
2015-05-19,77.6742
2015-05-20,120.333
2015-05-21,77.8297
2015-05-22,95.344
2015-05-25,95.2079
2015-05-26,95.1233
2015-05-27,47.536
2015-05-28,285.018
2015-05-29,126.699
2015-06-01,63.3473
2015-06-02,93.455
2015-06-03,0
2015-06-04,0
2015-06-05,95.1475
2015-06-08,95.1324
2015-06-09,0
2015-06-10,95.1022
2015-06-11,0
2015-06-12,0
2015-06-15,240.659
2015-06-16,283.045
2015-06-17,224.385
2015-06-18,113.802
2015-06-19,254.435
2015-06-22,160.98
2015-06-23,237.788
2015-06-24,358.919
2015-06-25,446.352
2015-06-26,255.416
2015-06-30,269.624
2015-07-01,138.343
2015-07-02,189.179
2015-07-03,189.004
2015-07-06,309.058
2015-07-07,423.34
2015-07-08,205.331
2015-07-09,162.517
2015-07-10,0
2015-07-13,0
2015-07-14,188.829
2015-07-15,188.567
2015-07-16,94.4138
2015-07-17,165.027
2015-07-20,188.448
2015-07-21,94.2874
2015-07-22,188.349
2015-07-23,266.516
2015-07-24,47.0352
2015-07-30,43.8542
2015-07-31,0
2015-08-03,93.9438
2015-08-04,31.3165
2015-08-05,78.0835
2015-08-06,24.9633
2015-08-07,49.9766
2015-08-10,93.7236
2015-08-11,264.328
2015-08-12,21.6879
2015-08-13,105.12
2015-08-14,236.736
2015-08-17,201.899
2015-08-18,224.999
2015-08-19,188.395
2015-08-20,447.391
2015-08-21,100.43
2015-08-24,40.2525
2015-08-25,167.946
2015-08-26,95.264
2015-08-27,183.139
2015-08-28,92.4106
2015-08-31,61.8066
2015-09-01,246.518
2015-09-02,92.1886
2015-09-03,0
2015-09-04,62.2026
2015-09-07,0
2015-09-08,62.0136
2015-09-09,93.133
2015-09-10,0
2015-09-11,0
2015-09-14,0
2015-09-15,0
2015-09-16,0
2015-09-17,0
2015-09-18,93.9438
2015-09-21,187.858
2015-09-22,246.149
2015-09-23,205.968
2015-09-24,93.1128
2015-09-25,248.362
2015-09-28,139.121
2015-09-29,112.991
2015-09-30,93.1359
2015-10-01,92.839
2015-10-02,93.0637
2015-10-05,0
2015-10-06,93.0983
2015-10-07,154.974
2015-10-12,0
2015-10-13,247.226
2015-10-14,185.094
2015-10-15,92.7443
2015-10-16,185.077
2015-10-19,276.634
2015-10-20,320.838
2015-10-21,183.976
2015-10-22,61.4213
2015-10-23,260.257
2015-10-26,115.086
2015-10-27,213.467
2015-10-28,91.4913
2015-10-29,232.657
2015-10-30,101.041
2015-11-02,91.2909
2015-11-03,66.9426
2015-11-04,136.766
2015-11-05,59.4578
2015-11-06,141.771
2015-11-09,91.5795
2015-11-10,105.622
2015-11-11,95.9016
2015-11-12,204.592
2015-11-13,188.889
2015-11-16,286.641
2015-11-17,127.906
2015-11-18,259.152
2015-11-19,78.9913
2015-11-20,357.175
2015-11-23,266.588
2015-11-24,49.1692
2015-11-25,265.764
2015-11-26,133.235
2015-11-27,0
2015-11-30,128.87
2015-12-01,118.487
2015-12-02,177.978
2015-12-03,89.0736
2015-12-04,88.9891
2015-12-07,266.611
2015-12-09,0
2015-12-10,44.4471
2015-12-11,266.383
2015-12-14,88.7548
2015-12-15,0
2015-12-16,0
2015-12-17,177.788
2015-12-18,192.41
2015-12-21,266.099
2015-12-22,265.44
2015-12-23,264.908
2015-12-24,73.6724
2015-12-28,296.937
2015-12-29,291.399
2015-12-30,258.095
2015-12-31,0
2016-01-04,349.936
2016-01-05,118.324
2016-01-06,175.577
2016-01-07,233.788
2016-01-08,0
2016-01-11,107.947
2016-01-12,129.151
2016-01-13,75.3923
2016-01-14,167.898
2016-01-15,122.061
2016-01-18,0
2016-01-19,136.487
2016-01-20,393.209
2016-01-21,210.227
2016-01-22,218.308
2016-01-25,332.447
2016-01-26,356.988
2016-01-27,116.598
2016-01-28,338.122
2016-01-29,544.559
2016-02-01,258.213
2016-02-02,62.9705
2016-02-03,80.1856
2016-02-04,69.0528
2016-02-05,38.773
2016-02-08,84.8006
2016-02-09,53.702
2016-02-10,159.138
2016-02-11,83.082
2016-02-12,34.2105
2016-02-15,0
2016-02-16,113.999
2016-02-17,0
2016-02-18,155.537
2016-02-19,133.766
2016-02-22,190.336
2016-02-23,262.606
2016-02-24,83.4111
2016-02-25,91.5092
2016-02-26,106.471
2016-02-29,168.842
2016-03-01,25.0021
2016-03-02,170.974
2016-03-03,0
2016-03-04,0
2016-03-07,50.5532
2016-03-08,79.301
2016-03-09,0
2016-03-10,4.07474
2016-03-11,0
2016-03-14,0
2016-03-15,0
2016-03-16,115.477
2016-03-17,92.5898
2016-03-18,281.41
2016-03-21,466.806
2016-03-22,175.891
2016-03-23,220.549
2016-03-28,139.643
2016-03-29,97.5321
2016-03-30,50.6193
2016-03-31,0
2016-04-01,0
2016-04-04,31.3012
2016-04-05,31.2314
2016-04-06,105.104
2016-04-07,147.059
2016-04-08,22.1455
2016-04-11,0
2016-04-12,32.114
2016-04-13,58.1093
2016-04-14,29.044
2016-04-15,100.714
2016-04-18,0
2016-04-19,103.075
2016-04-20,73.903
2016-04-21,231.347
2016-04-22,128.409
2016-04-25,127.881
2016-04-26,263.43
2016-04-27,247.653
2016-04-28,173.908
2016-04-29,129.795
2016-05-02,145.719
2016-05-03,155.936
2016-05-04,101.995
2016-05-05,25.6047
2016-05-06,0
2016-05-09,89.8096
2016-05-10,85.4906
2016-05-11,31.5287
2016-05-12,36.049
2016-05-13,0
2016-05-16,0
2016-05-17,0
2016-05-18,93.3285
2016-05-19,140.685
2016-05-20,30.0192
2016-05-23,189.739
2016-05-24,164.769
2016-05-25,52.4031
2016-05-26,46.3697
2016-05-27,148.903
2016-05-30,59.4849
2016-05-31,133.404
2016-06-01,26.6446
2016-06-02,68.2938
2016-06-03,0
2016-06-06,0
2016-06-07,0
2016-06-08,0
2016-06-09,0
2016-06-10,0
2016-06-13,87.0845
2016-06-14,28.461
2016-06-15,0
2016-06-16,0
2016-06-17,0
2016-06-20,76.0665
2016-06-21,0
2016-06-22,0
2016-06-23,0
2016-06-24,0
2016-06-27,0
2016-06-28,0
2016-06-30,0
2016-07-01,0
2016-07-04,0
2016-07-05,0
2016-07-06,0
2016-07-07,0
2016-07-08,0
2016-07-11,0
2016-07-12,0
2016-07-13,0
2016-07-14,0
2016-07-15,0
2016-07-18,0
2016-07-19,60.7017
2016-07-20,60.4138
2016-07-21,210.691
2016-07-22,240.79
2016-07-25,68.7039
2016-07-26,74.4247
2016-07-27,29.8231
2016-08-01,0
2016-08-02,59.7782
2016-08-03,89.4214
2016-08-04,0
2016-08-05,0
2016-08-08,0
2016-08-09,0
2016-08-10,0
2016-08-11,0
2016-08-12,0
2016-08-15,0
2016-08-16,0
2016-08-17,0
2016-08-18,0
2016-08-19,0
2016-08-22,0
2016-08-23,59.5557
2016-08-24,0
2016-08-25,0
2016-08-26,0
2016-08-29,59.3384
2016-08-31,29.4559
2016-09-01,29.423
2016-09-02,0
2016-09-05,0
2016-09-06,0
2016-09-07,0
2016-09-08,0
2016-09-09,0
2016-09-12,0
2016-09-13,15.8219
2016-09-14,0
2016-09-15,0
2016-09-16,0
2016-09-19,0
2016-09-20,0
2016-09-21,0
2016-09-22,0
2016-09-23,0
2016-09-26,0
2016-09-27,0
2016-09-28,0
2016-09-29,88.5139
2016-09-30,0
2016-10-03,0
2016-10-04,0
2016-10-05,0
2016-10-06,0
2016-10-07,19.3725
2016-10-10,0
2016-10-11,0
2016-10-12,0
2016-10-13,0
2016-10-14,0
2016-10-17,0
2016-10-18,0
2016-10-19,0
2016-10-20,0
2016-10-21,0
2016-10-24,0
2016-10-25,0
2016-10-26,0
2016-10-27,0
2016-10-28,0
2016-10-31,0
2016-11-02,0
2016-11-03,0
2016-11-04,0
2016-11-07,0
2016-11-08,0
2016-11-09,0
2016-11-10,93.8867
2016-11-11,131.996
2016-11-14,146.126
2016-11-15,0
2016-11-16,0
2016-11-21,40.9692
2016-11-22,0
2016-11-23,0
2016-11-24,0
2016-11-25,0
2016-11-28,0
2016-11-29,0
2016-11-30,0
2016-12-01,0
2016-12-02,0
2016-12-05,58.4573
2016-12-06,0
2016-12-07,0
2016-12-09,0
2016-12-12,0
2016-12-13,0
2016-12-14,0
2016-12-15,0
2016-12-16,0
2016-12-19,0
2016-12-20,0
2016-12-21,0
2016-12-22,0
2016-12-23,0
2016-12-26,0
2016-12-27,0
2016-12-28,0
2016-12-29,0
2016-12-30,0
2017-01-02,0
2017-01-03,0
2017-01-04,0
2017-01-05,0
2017-01-06,0
2017-01-09,0
2017-01-10,0
2017-01-11,0
2017-01-12,0
2017-01-13,0
2017-01-16,0
2017-01-17,0
2017-01-18,0
2017-01-19,0
2017-01-20,0
2017-01-23,0
2017-01-24,0
2017-01-25,0
2017-01-26,0
2017-01-27,0
2017-01-30,0
2017-01-31,0
2017-02-01,0
2017-02-02,0
2017-02-03,0
2017-02-06,0
2017-02-07,0
2017-02-08,0
2017-02-09,0
2017-02-10,0
2017-02-13,0
2017-02-14,0
2017-02-15,0
2017-02-16,0
2017-02-17,0
2017-02-20,0
2017-02-21,0
2017-02-22,0
2017-02-23,0
2017-02-24,0
2017-02-27,0
2017-02-28,0
2017-03-01,0
2017-03-02,0
2017-03-03,0
2017-03-06,0
2017-03-07,0
2017-03-08,0
2017-03-09,0
2017-03-10,0
2017-03-13,0
2017-03-14,0
2017-03-15,0
2017-03-16,0
2017-03-17,0
2017-03-20,0
2017-03-21,0
2017-03-22,0
2017-03-23,0
2017-03-24,0
2017-03-27,0
2017-03-28,0
2017-03-29,0
2017-03-30,0
2017-03-31,0
2017-04-03,0
2017-04-04,0
2017-04-05,0
2017-04-06,0
2017-04-07,0
2017-04-10,0
2017-04-11,0
2017-04-12,0
2017-04-17,0
2017-04-18,0
2017-04-19,0
2017-04-20,0
2017-04-21,0
2017-04-24,0
2017-04-25,0
2017-04-26,0
2017-04-27,0
2017-04-28,0
2017-05-02,0
2017-05-03,0
2017-05-04,0
2017-05-05,0
2017-05-08,18.2493
2017-05-09,60.8291
2017-05-10,91.2603
2017-05-11,0
2017-05-12,0
2017-05-15,0
2017-05-16,0
2017-05-17,0
2017-05-18,0
2017-05-19,0
2017-05-22,0
2017-05-23,0
2017-05-24,0
2017-05-25,0
2017-05-26,0
2017-05-29,0
2017-05-30,0
2017-05-31,0
2017-06-01,0
2017-06-02,0
2017-06-05,0
2017-06-06,0
2017-06-07,0
2017-06-08,0
2017-06-09,0
2017-06-12,0
2017-06-13,0
2017-06-14,0
2017-06-15,0
2017-06-16,0
2017-06-19,0
2017-06-20,0
2017-06-21,0
2017-06-22,0
2017-06-23,0
2017-06-26,0
2017-06-27,0
2017-06-28,0
2017-06-30,0
2017-07-03,0
2017-07-04,0
2017-07-05,0
2017-07-06,0
2017-07-07,0
2017-07-10,0
2017-07-11,0
2017-07-12,0
2017-07-13,0
2017-07-14,0
2017-07-17,0
2017-07-18,0
2017-07-19,0
2017-07-20,0
2017-07-21,0
2017-07-24,0
2017-07-25,0
2017-07-26,0
2017-07-27,0
2017-07-31,0
2017-08-01,0
2017-08-02,0
2017-08-03,0
2017-08-04,0
2017-08-07,0
2017-08-08,0
2017-08-09,0
2017-08-10,0
2017-08-11,0
2017-08-14,0
2017-08-15,0
2017-08-16,0
2017-08-17,0
2017-08-18,0
2017-08-21,0
2017-08-22,0
2017-08-23,0
2017-08-24,0
2017-08-25,0
2017-08-28,0
2017-08-29,0
2017-08-31,0
2017-09-01,0
2017-09-04,0
2017-09-05,0
2017-09-06,0
2017-09-07,0
2017-09-08,0
2017-09-11,0
2017-09-12,0
2017-09-13,0
2017-09-14,0
2017-09-15,0
2017-09-18,0
2017-09-19,0
2017-09-20,0
2017-09-21,0
2017-09-22,0
2017-09-25,0
2017-09-26,0
2017-09-27,0
2017-09-28,0
2017-09-29,0
2017-10-02,0
2017-10-03,0
2017-10-04,0
2017-10-05,0
2017-10-06,0
2017-10-09,0
2017-10-10,0
2017-10-11,0
2017-10-12,0
2017-10-13,0
2017-10-16,0
2017-10-17,0
2017-10-18,0
2017-10-19,0
2017-10-20,0
2017-10-23,0
2017-10-24,0
2017-10-25,0
2017-10-26,0
2017-10-27,0
2017-10-30,0
2017-10-31,0
2017-11-02,0
2017-11-03,0
2017-11-06,0
2017-11-07,0
2017-11-08,0
2017-11-09,0
2017-11-10,0
2017-11-13,0
2017-11-14,0
2017-11-15,0
2017-11-16,0
2017-11-17,0
2017-11-20,0
2017-11-21,0
2017-11-22,0
2017-11-23,0
2017-11-24,0
2017-11-27,0
2017-11-28,0
2017-11-29,0
2017-11-30,0
2017-12-01,0
2017-12-04,0
2017-12-05,0
2017-12-06,0
2017-12-07,0
2017-12-11,0
2017-12-12,0
2017-12-13,0
2017-12-14,0
2017-12-15,0
2017-12-18,0
2017-12-19,0
2017-12-20,0
2017-12-21,0
2017-12-22,0
2017-12-26,0
2017-12-27,0
2017-12-28,0
2017-12-29,0
2018-01-02,0
2018-01-03,0
2018-01-04,0
2018-01-05,0
2018-01-08,0
2018-01-09,0
2018-01-10,0
2018-01-11,0
2018-01-12,0
2018-01-15,0
2018-01-16,0
2018-01-17,0
2018-01-18,0
2018-01-19,0
2018-01-22,0
2018-01-23,0
2018-01-24,0
2018-01-25,0
2018-01-26,0
2018-01-29,0
2018-01-30,0
2018-01-31,0
2018-02-01,0
2018-02-02,0
2018-02-05,0
2018-02-06,0
2018-02-07,0
2018-02-08,0
2018-02-09,152.896
2018-02-12,0
2018-02-13,61.1677
2018-02-14,61.2107
2018-02-15,0
2018-02-16,0
2018-02-19,0
2018-02-20,0
2018-02-21,0
2018-02-22,0
2018-02-23,0
2018-02-26,0
2018-02-27,0
2018-02-28,61.3271
2018-03-01,0
2018-03-02,0
2018-03-05,0
2018-03-06,0
2018-03-07,0
2018-03-08,0
2018-03-09,0
2018-03-12,0
2018-03-13,0
2018-03-14,0
2018-03-15,0
2018-03-16,0
2018-03-19,0
2018-03-20,0
2018-03-21,0
2018-03-22,0
2018-03-23,0
2018-03-26,0
2018-03-27,0
2018-03-28,0
2018-04-02,0
2018-04-03,0
2018-04-04,0
2018-04-05,0
2018-04-06,0
2018-04-09,0
2018-04-10,0
2018-04-11,0
2018-04-12,0
2018-04-13,0
2018-04-16,0
2018-04-17,0
2018-04-18,0
2018-04-19,0
2018-04-20,0
2018-04-23,0
2018-04-24,0
2018-04-25,0
2018-04-26,0
2018-04-27,0
2018-04-30,0
2018-05-02,0
2018-05-03,122.127
2018-05-04,0
2018-05-07,0
2018-05-08,139.86
2018-05-09,121.473
2018-05-10,0
2018-05-11,0
2018-05-14,0
2018-05-15,0
2018-05-16,0
2018-05-17,0
2018-05-18,0
2018-05-21,0
2018-05-22,0
2018-05-23,0
2018-05-24,0
2018-05-25,0
2018-05-28,0
2018-05-29,0
2018-05-30,0
2018-05-31,0
2018-06-01,0
2018-06-04,0
2018-06-05,0
2018-06-06,0
2018-06-07,0
2018-06-08,0
2018-06-11,0
2018-06-12,0
2018-06-13,0
2018-06-14,0
2018-06-15,0
2018-06-18,0
2018-06-19,0
2018-06-20,0
2018-06-21,0
2018-06-22,0
2018-06-25,0
2018-06-26,0
2018-06-27,0
2018-06-28,0
2018-07-02,0
2018-07-03,0
2018-07-04,0
2018-07-05,0
2018-07-06,0
2018-07-09,0
2018-07-10,0
2018-07-11,0
2018-07-12,0
2018-07-13,0
2018-07-16,0
2018-07-17,0
2018-07-18,0
2018-07-19,0
2018-07-20,0
2018-07-23,0
2018-07-24,0
2018-07-25,0
2018-07-26,0
2018-07-27,0
2018-07-30,0
2018-07-31,0
2018-08-01,0
2018-08-02,0
2018-08-03,0
2018-08-06,0
2018-08-07,0
2018-08-08,0
2018-08-09,0
2018-08-10,0
2018-08-13,0
2018-08-14,0
2018-08-15,240.978
2018-08-16,0
2018-08-17,0
2018-08-20,0
2018-08-21,0
2018-08-22,0
2018-08-23,0
2018-08-24,0
2018-08-27,0
2018-08-28,0
2018-08-29,0
2018-08-31,0
2018-09-03,0
2018-09-04,0
2018-09-05,0
2018-09-06,0
2018-09-07,90.2527
2018-09-10,0
2018-09-11,89.9415
2018-09-12,0
2018-09-13,0
2018-09-14,0
2018-09-17,0
2018-09-18,0
2018-09-19,0
2018-09-20,0
2018-09-21,0
2018-09-24,0
2018-09-25,0
2018-09-26,0
2018-09-27,0
2018-09-28,0
2018-10-01,0
2018-10-02,0
2018-10-03,0
2018-10-04,239.909
2018-10-05,0
2018-10-09,0
2018-10-10,0
2018-10-11,0
2018-10-12,0
2018-10-15,175.307
2018-10-16,0
2018-10-17,0
2018-10-18,89.893
2018-10-19,0
2018-10-22,0
2018-10-23,0
2018-10-24,89.8069
2018-10-25,0
2018-10-26,89.6486
2018-10-29,89.5015
2018-10-30,178.545
2018-10-31,89.0869
2018-11-02,0
2018-11-05,0
2018-11-06,0
2018-11-07,0
2018-11-08,59.3489
2018-11-09,177.946
2018-11-12,0
2018-11-13,118.424
2018-11-14,0
2018-11-15,0
2018-11-16,0
2018-11-19,0
2018-11-20,0
2018-11-21,0
2018-11-22,0
2018-11-23,0
2018-11-26,0
2018-11-27,0
2018-11-28,0
2018-11-29,0
2018-11-30,0
2018-12-03,0
2018-12-04,56.13
2018-12-05,0
2018-12-06,0
2018-12-07,0
2018-12-10,0
2018-12-11,0
2018-12-12,0
2018-12-13,0
2018-12-14,0
2018-12-17,0
2018-12-18,0
2018-12-19,0
2018-12-20,0
2018-12-21,0
2018-12-24,0
2018-12-26,0
2018-12-27,88.881
2018-12-28,0
2018-12-31,0
2019-01-02,0
2019-01-03,0
2019-01-04,0
2019-01-07,0
2019-01-08,0
2019-01-09,0
2019-01-10,0
2019-01-11,0
2019-01-14,0
2019-01-15,0
2019-01-16,0
2019-01-17,0
2019-01-18,0
2019-01-21,0
2019-01-22,0
2019-01-23,0
2019-01-24,0
2019-01-25,0
2019-01-28,0
2019-01-29,0
2019-01-30,0
2019-01-31,0
2019-02-01,0
2019-02-04,0
2019-02-05,0
2019-02-06,0
2019-02-07,0
2019-02-08,0
2019-02-11,0
2019-02-12,0
2019-02-13,0
2019-02-14,0
2019-02-15,0
2019-02-18,0
2019-02-19,0
2019-02-20,0
2019-02-21,0
2019-02-22,0
2019-02-25,0
2019-02-26,0
2019-02-27,0
2019-02-28,0
2019-03-01,0
2019-03-04,0
2019-03-05,0
2019-03-06,0
2019-03-07,0
2019-03-08,0
2019-03-11,0
2019-03-12,0
2019-03-13,0
2019-03-14,0
2019-03-15,0
2019-03-18,0
2019-03-19,0
2019-03-20,0
2019-03-21,0
2019-03-22,0
2019-03-25,0
2019-03-26,0
2019-03-27,0
2019-03-28,0
2019-03-29,0
2019-04-01,0
2019-04-02,0
2019-04-03,0
2019-04-04,0
2019-04-05,0
2019-04-08,0
2019-04-09,0
2019-04-10,0
2019-04-11,0
2019-04-12,0
2019-04-15,0
2019-04-16,0
2019-04-17,0
2019-04-22,0
2019-04-23,0
2019-04-24,0
2019-04-25,0
2019-04-26,0
2019-04-29,0
2019-04-30,0
2019-05-02,0
2019-05-03,0
2019-05-06,0
2019-05-07,0
2019-05-08,0
2019-05-09,0
2019-05-10,0
2019-05-13,0
2019-05-14,0
2019-05-15,0
2019-05-16,0
2019-05-17,0
2019-05-20,0
2019-05-21,89.662
2019-05-22,0
2019-05-23,0
2019-05-24,0
2019-05-27,0
2019-05-28,0
2019-05-29,0
2019-05-30,0
2019-05-31,0
2019-06-03,0
2019-06-04,0
2019-06-05,0
2019-06-06,0
2019-06-07,0
2019-06-10,0
2019-06-11,0
2019-06-12,0
2019-06-13,0
2019-06-14,0
2019-06-17,0
2019-06-18,0
2019-06-19,0
2019-06-20,0
2019-06-21,0
2019-06-24,0
2019-06-25,0
2019-06-26,0
2019-06-27,0
2019-06-28,0
2019-07-01,0
2019-07-02,0
2019-07-03,0
2019-07-04,0
2019-07-05,0
2019-07-08,0
2019-07-09,0
2019-07-10,0
2019-07-11,0
2019-07-12,0
2019-07-15,0
2019-07-16,0
2019-07-17,0
2019-07-18,0
2019-07-19,0
2019-07-22,0
2019-07-23,0
2019-07-24,0
2019-07-25,0
2019-07-26,0
2019-07-30,0
2019-07-31,0
2019-08-01,0
2019-08-02,0
2019-08-05,354.6
2019-08-06,0
2019-08-07,0
2019-08-08,0
2019-08-09,0
2019-08-12,88.571
2019-08-13,0
2019-08-14,265.244
2019-08-15,0
2019-08-16,0
2019-08-19,0
2019-08-20,0
2019-08-21,0
2019-08-22,0
2019-08-23,0
2019-08-26,0
2019-08-27,0
2019-08-28,0
2019-08-29,0
2019-09-02,0
2019-09-03,0
2019-09-04,0
2019-09-05,0
2019-09-06,0
2019-09-09,0
2019-09-10,0
2019-09-11,0
2019-09-12,0
2019-09-13,0
2019-09-16,0
2019-09-17,0
2019-09-18,0
2019-09-19,0
2019-09-20,0
2019-09-23,0
2019-09-24,0
2019-09-25,0
2019-09-26,0
2019-09-27,0
2019-09-30,0
2019-10-01,0
2019-10-02,0
2019-10-03,0
2019-10-04,0
2019-10-07,0
2019-10-09,0
2019-10-10,0
2019-10-11,0
2019-10-14,0
2019-10-15,0
2019-10-16,0
2019-10-17,0
2019-10-18,0
2019-10-21,0
2019-10-22,0
2019-10-23,0
2019-10-24,0
2019-10-25,0
2019-10-28,0
2019-10-29,0
2019-10-30,0
2019-10-31,0
2019-11-04,0
2019-11-05,0
2019-11-06,0
2019-11-07,0
2019-11-08,0
2019-11-11,0
2019-11-12,177.751
2019-11-13,0
2019-11-14,0
2019-11-15,0
2019-11-18,0
2019-11-19,0
2019-11-20,0
2019-11-21,0
2019-11-22,0
2019-11-25,0
2019-11-26,0
2019-11-27,0
2019-11-28,0
2019-11-29,0
2019-12-02,0
2019-12-03,0
2019-12-04,0
2019-12-05,0
2019-12-06,0
2019-12-09,0
2019-12-10,88.438
2019-12-11,0
2019-12-12,0
2019-12-13,0
2019-12-16,0
2019-12-17,0
2019-12-18,0
2019-12-19,0
2019-12-20,0
2019-12-23,0
2019-12-24,0
2019-12-26,0
2019-12-27,0
2019-12-30,0
2019-12-31,0
2020-01-02,0
2020-01-03,0
2020-01-06,0
2020-01-07,0
2020-01-08,0
2020-01-09,0
2020-01-10,0
2020-01-13,0
2020-01-14,0
2020-01-15,0
2020-01-16,0
2020-01-17,0
2020-01-20,0
2020-01-21,0
2020-01-22,0
2020-01-23,0
2020-01-24,0
2020-01-27,0
2020-01-28,0
2020-01-29,0
2020-01-30,89.2299
2020-01-31,0
2020-02-03,0
2020-02-04,0
2020-02-05,0
2020-02-06,0
2020-02-07,0
2020-02-10,66.388
2020-02-11,0
2020-02-12,0
2020-02-13,0
2020-02-14,0
2020-02-17,0
2020-02-18,0
2020-02-19,0
2020-02-20,0
2020-02-21,0
2020-02-24,0
2020-02-25,0
2020-02-26,0
2020-02-27,87.4355
2020-02-28,86.8873
2020-03-02,0
2020-03-03,0
2020-03-04,0
2020-03-05,174.231
2020-03-06,172.666
2020-03-09,342.329
2020-03-10,0
2020-03-11,256.461
2020-03-12,253.693
2020-03-13,84.9738
2020-03-16,205.316
2020-03-17,0
2020-03-18,179
2020-03-19,0
2020-03-20,0
2020-03-23,0
2020-03-24,0
2020-03-25,0
2020-03-26,0
2020-03-27,0
2020-03-30,0
2020-03-31,87.321
2020-04-01,173.14
2020-04-02,0
2020-04-03,0
2020-04-06,0
2020-04-07,0
2020-04-08,0
2020-04-13,0
2020-04-14,88.4304
2020-04-15,87.7537
2020-04-16,0
2020-04-17,0
2020-04-20,0
2020-04-21,0
2020-04-22,0
2020-04-23,0
2020-04-24,0
2020-04-27,0
2020-04-28,0
2020-04-29,0
2020-04-30,0
2020-05-04,0
2020-05-05,88.394
2020-05-06,176.051
2020-05-07,0
2020-05-08,0
2020-05-11,175.326
2020-05-12,175
2020-05-13,175
2020-05-14,64
2020-05-15,0
2020-05-18,0
2020-05-19,0
2020-05-20,0
2020-05-21,0
2020-05-22,0
2020-05-25,0
2020-05-26,0
2020-05-27,0
2020-05-28,0
2020-05-29,0
2020-06-01,0
2020-06-02,0
2020-06-03,0
2020-06-04,0
2020-06-05,0
2020-06-08,0
2020-06-09,0
2020-06-10,0
2020-06-11,57.894
2020-06-12,0
2020-06-15,71.7626
2020-06-16,0
2020-06-17,57.2344
2020-06-18,0
2020-06-19,0
2020-06-22,0
2020-06-23,56.8489
2020-06-24,56.7263
2020-06-25,0
2020-06-26,0
2020-06-30,126.139
2020-07-01,0
2020-07-02,0
2020-07-03,0
2020-07-06,56.3539
2020-07-07,0
2020-07-08,0
2020-07-09,0
2020-07-10,0
2020-07-13,0
2020-07-14,0
2020-07-15,0
2020-07-16,0
2020-07-17,0
2020-07-20,0
2020-07-21,0
2020-07-22,0
2020-07-23,0
2020-07-24,0
2020-07-27,0
2020-07-29,0
2020-07-30,0
2020-07-31,0
2020-08-03,0
2020-08-04,0
2020-08-05,56.3618
2020-08-06,0
2020-08-07,56.294
2020-08-10,0
2020-08-11,0
2020-08-12,42.0345
2020-08-13,167.968
2020-08-14,167.823
2020-08-17,83.794
2020-08-18,0
2020-08-19,0
2020-08-20,0
2020-08-21,136.711
2020-08-24,83.8103
2020-08-25,125.271
2020-08-26,0
2020-08-27,0
2020-08-28,0
2020-08-31,0
2020-09-01,0
2020-09-02,0
2020-09-03,0
2020-09-04,0
2020-09-07,0
2020-09-08,0
2020-09-09,0
2020-09-10,56.4446
2020-09-11,195.969
2020-09-14,0
2020-09-15,0
2020-09-16,0
2020-09-17,0
2020-09-18,0
2020-09-21,42.2678
2020-09-22,61.8812
2020-09-23,25.6288
2020-09-24,111.732
2020-09-25,11.1269
2020-09-28,0
2020-09-29,0
2020-09-30,0
2020-10-01,0
2020-10-02,85.3544
2020-10-05,35.2015
2020-10-06,0
2020-10-07,0
2020-10-08,0
2020-10-09,0
2020-10-12,0
2020-10-13,0
2020-10-14,55.7351
2020-10-15,0
2020-10-16,0
2020-10-19,0
2020-10-20,0
2020-10-21,245.804
2020-10-22,88.0533
2020-10-23,229.885
2020-10-26,83.2732
2020-10-27,47.396
2020-10-28,82.9874
2020-10-29,0
2020-10-30,83.0359
2020-11-02,34.5734
2020-11-03,0
2020-11-04,0
2020-11-05,0
2020-11-06,0
2020-11-09,0
2020-11-10,121.346
2020-11-11,83.0666
2020-11-12,269.517
2020-11-13,230.451
2020-11-16,45.0315
2020-11-17,0
2020-11-18,0
2020-11-19,0
2020-11-20,80.8317
2020-11-23,55.5494
2020-11-24,37.4293
2020-11-25,0
2020-11-26,0
2020-11-27,0
2020-11-30,0
2020-12-01,0
2020-12-02,0
2020-12-03,0
2020-12-04,0
2020-12-07,0
2020-12-09,0
2020-12-10,0
2020-12-11,0
2020-12-14,13.9381
2020-12-15,0
2020-12-16,0
2020-12-17,9.76372
2020-12-18,0
2020-12-21,0
2020-12-22,165.897
2020-12-23,55.3679
2020-12-24,13.2865
2020-12-28,41.2103
2020-12-29,35.9205
2020-12-30,0
2020-12-31,2.76098
2021-01-04,30.5903
2021-01-05,81.2672
2021-01-06,55.1817
2021-01-07,0
2021-01-08,0
2021-01-11,0
2021-01-12,0
2021-01-13,52.8647
2021-01-14,0
2021-01-15,0
2021-01-18,0
2021-01-19,0
2021-01-20,0
2021-01-21,105.499
2021-01-22,165.392
2021-01-25,229.649
2021-01-26,117.408
2021-01-27,109.496
2021-01-28,104.255
2021-01-29,147.844
2021-02-01,60.4528
2021-02-02,54.9571
2021-02-03,71.4619
2021-02-04,45.4059
2021-02-05,52.2251
2021-02-08,0
2021-02-09,35.681
2021-02-10,0
2021-02-11,74.2318
2021-02-12,1.37159
2021-02-15,5.48697
2021-02-16,58.6077
2021-02-17,54.7649
2021-02-18,469.968
2021-02-19,203.92
2021-02-22,34.2044
2021-02-23,64.3307
2021-02-24,0
2021-02-25,57.0316
2021-02-26,10.0005
2021-03-01,431.773
2021-03-02,436.676
2021-03-03,569.917
2021-03-04,299.195
2021-03-05,462.988
2021-03-08,195.383
2021-03-09,159.688
2021-03-10,0
2021-03-11,113.061
2021-03-12,30.9801
2021-03-15,0
2021-03-16,162.014
2021-03-17,9.98219
2021-03-18,164.629
2021-03-19,26.9172
2021-03-22,202.661
2021-03-23,163.798
2021-03-24,316.942
2021-03-25,267.867
2021-03-26,41.4816
2021-03-29,293.153
2021-03-30,408.7
2021-03-31,93.1942
2021-04-05,20.2189
2021-04-06,0
2021-04-07,0
2021-04-08,0
2021-04-09,118.173
2021-04-12,93.3963
2021-04-13,55.2288
2021-04-14,0
2021-04-15,62.6829
2021-04-16,0
2021-04-19,141.91
2021-04-20,213.817
2021-04-21,151.167
2021-04-22,222.789
2021-04-23,184.479
2021-04-26,167.892
2021-04-27,172.966
2021-04-28,0
2021-04-29,42.2855
2021-04-30,0
2021-05-03,41.9573
2021-05-04,46.952
2021-05-05,0
2021-05-06,20.4349
2021-05-07,131.7
2021-05-10,21.2162
2021-05-11,0
2021-05-12,0
2021-05-13,0
2021-05-14,0
2021-05-17,0
2021-05-18,0
2021-05-19,0
2021-05-20,0
2021-05-21,0
2021-05-24,2.63165
2021-05-25,0
2021-05-26,0
2021-05-27,0
2021-05-28,0
2021-05-31,0
2021-06-01,0
2021-06-02,0
2021-06-03,0
2021-06-04,0
2021-06-07,0
2021-06-08,0
2021-06-09,0
2021-06-10,0
2021-06-11,0
2021-06-14,0
2021-06-15,0
2021-06-16,0
2021-06-17,0
2021-06-18,0
2021-06-21,0
2021-06-22,0
2021-06-23,5.02677
2021-06-24,0
2021-06-25,0
2021-06-28,0
2021-06-30,0
2021-07-01,0
2021-07-02,0
2021-07-05,0
2021-07-06,0
2021-07-07,0
2021-07-08,0
2021-07-09,0
2021-07-12,0
2021-07-13,0
2021-07-14,0
2021-07-15,12.6378
2021-07-16,0
2021-07-19,64.2393
2021-07-20,0
2021-07-21,25.3197
2021-07-22,15.2242
2021-07-23,168.312
2021-07-26,0
2021-07-27,76.8033
2021-07-30,131.832
2021-08-02,9.86582
2021-08-03,0
2021-08-04,0
2021-08-05,0
2021-08-06,0
2021-08-09,0
2021-08-10,0
2021-08-11,39.3691
2021-08-12,0
2021-08-13,333.849
2021-08-16,0
2021-08-17,0
2021-08-18,34.1989
2021-08-19,192.682
2021-08-20,92.3945
2021-08-23,14.3647
2021-08-24,40.3255
2021-08-25,79.3341
2021-08-26,0
2021-08-27,83.4643
2021-08-31,0
2021-09-01,49.0376
2021-09-02,100.029
2021-09-03,195.47
2021-09-06,0
2021-09-07,0
2021-09-08,23.2399
2021-09-09,6.09935
2021-09-10,46.3392
2021-09-13,34.5928
2021-09-14,0
2021-09-15,5.11235
2021-09-16,0
2021-09-17,0
2021-09-20,2.42777
2021-09-21,82.6687
2021-09-22,48.6594
2021-09-23,117.959
2021-09-24,146.039
2021-09-27,193.902
2021-09-28,193.845
2021-09-29,145.345
2021-09-30,253.961
2021-10-01,186.071
2021-10-04,96.8312
2021-10-05,184.701
2021-10-06,120.913
2021-10-07,0
2021-10-11,24.567
2021-10-12,24.6015
2021-10-13,0
2021-10-14,0
2021-10-15,165.289
2021-10-18,184.838
2021-10-19,7.60456
2021-10-20,50.7254
2021-10-21,111.243
2021-10-22,186.69
2021-10-25,90.6504
2021-10-26,93.8893
2021-10-27,225.858
2021-10-28,125.707
2021-10-29,197.97
2021-11-02,274.454
2021-11-03,174.45
2021-11-04,149.615
2021-11-05,79.6991
2021-11-08,99.6587
2021-11-09,199.188
2021-11-10,104.363
2021-11-11,0
2021-11-12,42.2868
2021-11-15,0
2021-11-16,0
2021-11-17,179.789
2021-11-18,111.943
2021-11-19,19.8936
2021-11-22,67.6264
2021-11-23,99.8153
2021-11-24,124.553
2021-11-25,37.4867
2021-11-26,44.5699
2021-11-29,147.903
2021-11-30,147.644
2021-12-01,194.199
2021-12-02,245.513
2021-12-03,215.866
2021-12-06,225.258
2021-12-07,22.0805
2021-12-09,24.4852
2021-12-10,0
2021-12-13,0
2021-12-14,0
2021-12-15,0
2021-12-16,50.8029
2021-12-17,173.46
2021-12-20,98.8802
2021-12-21,0
2021-12-22,0
2021-12-23,49.843
2021-12-24,0
2021-12-27,0
2021-12-28,13.9251
2021-12-29,136.024
2021-12-30,58.2198
2021-12-31,0
2022-01-03,20.0225
2022-01-04,0
2022-01-05,177.027
2022-01-06,100.718
2022-01-07,0
2022-01-10,0
2022-01-11,0
2022-01-12,0
2022-01-13,0
2022-01-14,0
2022-01-17,0
2022-01-18,155.719
2022-01-19,51.7451
2022-01-20,0
2022-01-21,0
2022-01-24,104.149
2022-01-25,0
2022-01-26,0
2022-01-27,0
2022-01-28,0
2022-01-31,0
2022-02-01,180.599
2022-02-02,0
2022-02-03,0
2022-02-04,67.1488
2022-02-07,0
2022-02-08,0
2022-02-09,0
2022-02-10,0
2022-02-11,0
2022-02-14,105.581
2022-02-15,52.6039
2022-02-16,0
2022-02-17,0
2022-02-18,53.7909
2022-02-21,0
2022-02-22,0
2022-02-23,0
2022-02-24,0
2022-02-25,0
2022-02-28,159.689
2022-03-01,0
2022-03-02,0
2022-03-03,0
2022-03-04,0
2022-03-07,0
2022-03-08,0
2022-03-09,0
2022-03-10,0
2022-03-11,0
2022-03-14,0
2022-03-15,0
2022-03-16,0
2022-03-17,0
2022-03-18,0
2022-03-21,7.12871
2022-03-22,106.064
2022-03-23,0
2022-03-24,0
2022-03-25,0
2022-03-28,0
2022-03-29,45.7088
2022-03-30,0
2022-03-31,0
2022-04-01,0
2022-04-04,24.8159
2022-04-05,64.8666
2022-04-06,161.342
2022-04-07,0
2022-04-08,53.8779
2022-04-11,0
2022-04-12,0
2022-04-13,147.063
2022-04-18,96.383
2022-04-19,13.3962
2022-04-20,53.9826
2022-04-21,19.5784
2022-04-22,204.38
2022-04-25,140.137
2022-04-26,209.627
2022-04-27,257.368
2022-04-28,103.845
2022-04-29,0
2022-05-02,52.0061
2022-05-03,0
2022-05-04,52.6635
2022-05-05,105.759
2022-05-06,209.957
2022-05-09,0
2022-05-10,0
2022-05-11,52.9017
2022-05-12,34.2069
2022-05-13,105.876
2022-05-16,0
2022-05-17,0
2022-05-18,0
2022-05-19,0
2022-05-20,0
2022-05-23,0
2022-05-24,0
2022-05-25,0
2022-05-26,0
2022-05-27,27.2465
2022-05-30,0
2022-05-31,107.939
2022-06-01,53.7201
2022-06-02,0
2022-06-03,52.5862
2022-06-06,96.5147
2022-06-07,53.2808
2022-06-08,106.496
2022-06-09,0
2022-06-10,0
2022-06-13,0
2022-06-14,0
2022-06-15,0
2022-06-16,53.7548
2022-06-17,107.498
2022-06-20,0
2022-06-21,0
2022-06-22,0
2022-06-23,186.493
2022-06-24,177.141
2022-06-27,47.5599
2022-06-28,153.228
2022-06-30,47.2622
2022-07-01,181.559
2022-07-04,0
2022-07-05,103.576
2022-07-06,283.235
2022-07-07,102.895
2022-07-08,120.405
2022-07-11,177.584
2022-07-12,150.993
2022-07-13,50.4859
2022-07-14,76.0071
2022-07-15,51.3584
2022-07-18,102.846
2022-07-19,0
2022-07-20,102.979
2022-07-21,51.1195
2022-07-22,178.813
2022-07-25,153.284
2022-07-26,200.582
2022-07-27,220.601
2022-08-01,77.228
2022-08-02,209.104
2022-08-03,229.779
2022-08-04,51.4575
2022-08-05,0
2022-08-08,83.0183
2022-08-09,80.116
2022-08-10,14.1257
2022-08-11,0
2022-08-12,0
2022-08-15,51.9737
2022-08-16,51.7545
2022-08-17,0
2022-08-18,52.0454
2022-08-19,0
2022-08-22,63.1671
2022-08-23,0
2022-08-24,51.7545
2022-08-25,0
2022-08-26,0
2022-08-29,0
2022-08-31,0
2022-09-01,129.343
2022-09-02,206.436
2022-09-05,0
2022-09-06,144.73
2022-09-07,0
2022-09-08,0
2022-09-09,77.3455
2022-09-12,0
2022-09-13,0
2022-09-14,0
2022-09-15,0
2022-09-16,0
2022-09-19,0
2022-09-20,206.138
2022-09-21,0
2022-09-22,0
2022-09-23,0
2022-09-26,209.158
2022-09-27,220.415
2022-09-28,126.611
2022-09-29,186.285
2022-09-30,233.136
2022-10-03,100.908
2022-10-04,0
2022-10-05,110.977
2022-10-06,150.636
2022-10-07,75.43
2022-10-10,0
2022-10-11,186.356
2022-10-12,18.8234
2022-10-13,27.6028
2022-10-14,103.994
2022-10-17,62.8093
2022-10-18,50.2879
2022-10-19,100.392
2022-10-20,125.77
2022-10-21,125.518
2022-10-24,274.863
2022-10-25,175.14
2022-10-26,275.685
2022-10-27,182.76
2022-10-28,100.642
2022-10-31,75.1899
2022-11-02,0
2022-11-03,171.211
2022-11-04,0
2022-11-07,50.6163
2022-11-08,50.9476
2022-11-09,0
2022-11-10,0
2022-11-11,0
2022-11-14,51.7853
2022-11-15,0
2022-11-16,0
2022-11-17,65.0821
2022-11-18,0
2022-11-21,52.12
2022-11-22,129.924
2022-11-23,181.823
2022-11-24,0
2022-11-25,103.362
2022-11-28,0
2022-11-29,52.0535
2022-11-30,129.742
2022-12-01,52.2739
2022-12-02,173.251
2022-12-05,98.7449
2022-12-06,77.9282
2022-12-07,78.0376
2022-12-12,0
2022-12-13,10.4474
2022-12-14,0
2022-12-15,0
2022-12-16,0
2022-12-19,0
2022-12-20,0
2022-12-21,0
2022-12-22,0
2022-12-23,0
2022-12-26,0
2022-12-27,0
2022-12-28,0
2022-12-29,0
2022-12-30,0
2023-01-03,130.969
2023-01-04,0
2023-01-05,130.599
2023-01-06,0
2023-01-09,79.0535
2023-01-10,78.825
2023-01-11,0
2023-01-12,15.8655
2023-01-13,186.259
2023-01-16,52.2534
2023-01-17,143.177
2023-01-18,0
2023-01-19,75.838
2023-01-20,0
2023-01-23,129.068
2023-01-24,324.009
2023-01-25,128.313
2023-01-26,152.359
2023-01-27,300.803
2023-01-30,103.579
2023-01-31,82.4083
2023-02-01,52.0007
2023-02-02,0
2023-02-03,80.486
2023-02-06,0
2023-02-07,52.0102
2023-02-08,51.8538
2023-02-09,103.45
2023-02-10,0
2023-02-13,51.8914
2023-02-14,72.522
2023-02-15,0
2023-02-16,0
2023-02-17,0
2023-02-20,0
2023-02-21,0
2023-02-22,52.304
2023-02-23,0
2023-02-24,52.3122
2023-02-27,0
2023-02-28,52.5527
2023-03-01,0
2023-03-02,79.3042
2023-03-03,0
2023-03-06,105.669
2023-03-07,79.2184
2023-03-08,0
2023-03-09,0
2023-03-10,0
2023-03-13,78.883
2023-03-14,52.843
2023-03-15,0
2023-03-16,0
2023-03-17,0
2023-03-20,0
2023-03-21,53.0898
2023-03-22,53.0434
2023-03-23,185.918
2023-03-24,0
2023-03-27,53.0828
2023-03-28,0
2023-03-29,0
2023-03-30,141.029
2023-03-31,106.324
2023-04-03,106.201
2023-04-04,185.588
2023-04-05,132.549
2023-04-10,133.598
2023-04-11,158.462
2023-04-12,185.435
2023-04-13,78.6588
2023-04-14,52.8863
2023-04-17,149.344
2023-04-18,52.9521
2023-04-19,149.562
2023-04-20,82.3767
2023-04-21,170.054
2023-04-24,133.085
2023-04-25,159.715
2023-04-26,53.4074
2023-04-27,53.5776
2023-04-28,0
2023-05-02,107.799
2023-05-03,53.9811
2023-05-04,53.7779
2023-05-05,134.673
2023-05-08,0
2023-05-09,0
2023-05-10,0
2023-05-11,57.0311
2023-05-12,109.547
2023-05-15,54.5852
2023-05-16,108.604
2023-05-17,135.303
2023-05-18,81.0154
2023-05-19,0
2023-05-22,54.1903
2023-05-23,54.1748
2023-05-24,54.2535
2023-05-25,0
2023-05-26,0
2023-05-29,0
2023-05-30,0
2023-05-31,67.9477
2023-06-01,353.357
2023-06-02,165.487
2023-06-05,0
2023-06-06,181.567
2023-06-07,0
2023-06-08,0
2023-06-09,0
2023-06-12,0
2023-06-13,0
2023-06-14,0
2023-06-15,0
2023-06-16,55.0479
2023-06-19,27.5088
2023-06-20,54.8652
2023-06-21,0
2023-06-22,0
2023-06-23,137.669
2023-06-26,219.71
2023-06-27,101.771
2023-06-28,192.753
2023-06-30,82.7198
2023-07-03,220.641
2023-07-04,0
2023-07-05,0
2023-07-06,0
2023-07-07,0
2023-07-10,0
2023-07-11,0
2023-07-12,0
2023-07-13,0
2023-07-14,0
2023-07-17,0
2023-07-18,0
2023-07-19,55.8628
2023-07-20,0
2023-07-21,167.285
2023-07-24,158.788
2023-07-25,249.716
2023-07-26,75.0313
2023-07-27,136.251
2023-07-31,166.182
2023-08-01,137.536
2023-08-02,0
2023-08-03,216.236
2023-08-04,223.405
2023-08-07,108.346
2023-08-08,80.8669
2023-08-09,0
2023-08-10,0
2023-08-11,81.4376
2023-08-14,0
2023-08-15,53.7822
2023-08-16,53.859
2023-08-17,80.4807
2023-08-18,0
2023-08-21,53.7663
2023-08-22,53.6605
2023-08-23,53.904
2023-08-24,0
2023-08-25,54.1609
2023-08-28,0
2023-08-29,54.1756
2023-08-31,0
2023-09-01,162.549
2023-09-04,0
2023-09-05,107.91
2023-09-06,188.908
2023-09-07,107.165
2023-09-08,53.8286
2023-09-11,0
2023-09-12,0
2023-09-13,0
2023-09-14,80.8342
2023-09-15,53.7331
2023-09-18,0
2023-09-19,0
2023-09-20,80.732
2023-09-21,106.86
2023-09-22,159.979
2023-09-25,159.029
2023-09-26,158.52
2023-09-27,157.978
2023-09-28,0
2023-09-29,167.418
2023-10-02,78.9328
2023-10-03,0
2023-10-04,52.3958
2023-10-05,52.2794
2023-10-06,0
2023-10-09,52.0969
2023-10-10,130.777
2023-10-11,156.871
2023-10-12,169.134
2023-10-13,129.84
2023-10-16,129.566
2023-10-17,77.7706
2023-10-18,91.7407
2023-10-19,207.704
2023-10-20,283.874
2023-10-23,77.4613
2023-10-24,245.904
2023-10-25,289.406
2023-10-26,82.698
2023-10-27,77.7905
2023-10-30,49.4598
2023-10-31,312.801
2023-11-02,0
2023-11-03,53.5504
2023-11-06,145.687
2023-11-07,238.385
2023-11-08,271.238
2023-11-09,184.468
2023-11-10,85.2124
2023-11-13,103.636
2023-11-14,42.473
2023-11-15,132.545
2023-11-16,79.5883
2023-11-17,143.838
2023-11-20,0
2023-11-21,0
2023-11-22,43.5491
2023-11-23,0
2023-11-24,77.6918
2023-11-27,0
2023-11-28,0
2023-11-29,18.7512
2023-11-30,80.2933
2023-12-01,125.82
2023-12-04,80.1175
2023-12-05,53.2481
2023-12-06,226.425
2023-12-07,125.193
2023-12-11,0
2023-12-12,0
2023-12-13,186.237
2023-12-14,42.4865
2023-12-15,26.5908
2023-12-18,0
2023-12-19,0
2023-12-20,0
2023-12-21,168.915
2023-12-22,162.928
2023-12-26,56.9538
2023-12-27,81.27
2023-12-28,94.546
2023-12-29,122.605
2024-01-03,267.838
2024-01-04,0
2024-01-05,0
2024-01-08,0
2024-01-09,0
2024-01-10,0
2024-01-11,108.123
2024-01-12,199.556
2024-01-15,0
2024-01-16,80.7189
2024-01-17,80.1764
2024-01-18,53.4931
2024-01-19,0
2024-01-22,0
2024-01-23,106.591
2024-01-24,186.264
2024-01-25,156.034
2024-01-26,485.86
2024-01-29,173.415
2024-01-30,160.025
2024-01-31,296.98
2024-02-01,0
2024-02-02,104.362
2024-02-05,103.667
2024-02-06,88.1606
2024-02-07,139.643
2024-02-08,224.389
2024-02-09,170.582
2024-02-12,245.828
2024-02-13,235.57
2024-02-14,180.771
2024-02-15,168.098
2024-02-16,313.824
2024-02-19,3.95184
2024-02-20,317.536
2024-02-21,188.336
2024-02-22,140.468
2024-02-23,25.0244
2024-02-26,56.5998
2024-02-27,59.3903
2024-02-28,78.792
2024-02-29,132.338
2024-03-01,147.234
2024-03-04,159.384
2024-03-05,132.672
2024-03-06,187.829
2024-03-07,80.6343
2024-03-08,0
2024-03-11,0
2024-03-12,0
2024-03-13,0
2024-03-14,108.858
2024-03-15,0
2024-03-18,81.1644
2024-03-19,0
2024-03-20,0
2024-03-21,54.0935
2024-03-22,135.457
2024-03-25,0
2024-03-26,160.974
2024-03-27,161.39
2024-04-01,80.4268
2024-04-02,0
2024-04-03,81.3626
2024-04-04,136.11
2024-04-05,81.3581
2024-04-08,54.3966
2024-04-09,135.377
2024-04-10,188.669
2024-04-11,161.79
2024-04-12,135.007
2024-04-15,234.843
2024-04-16,143.713
2024-04-17,133.027
2024-04-18,0
2024-04-19,0
2024-04-22,94.7559
2024-04-23,216.189
2024-04-24,228.163
2024-04-25,186.966
2024-04-26,19.9877
2024-04-29,0
2024-04-30,0
2024-05-02,79.9488
2024-05-03,67.2694
2024-05-06,173.164
2024-05-07,128.594
2024-05-08,96.2314
2024-05-09,0
2024-05-10,107.872
2024-05-13,126.263
2024-05-14,72.4813
2024-05-15,72.6646
2024-05-16,150.278
2024-05-17,50.2419
2024-05-20,20.0895
2024-05-21,30.8286
2024-05-22,236.568
2024-05-23,0
2024-05-24,80.3191
2024-05-27,0
2024-05-28,42.7099
2024-05-29,106.389
2024-05-30,86.7129
2024-05-31,107.029
2024-06-03,106.454
2024-06-04,267.394
2024-06-05,248.232
2024-06-06,116.7
2024-06-10,235.468
2024-06-11,0
2024-06-12,185.75
2024-06-13,0
2024-06-14,132.552
2024-06-17,0
2024-06-18,343.262
2024-06-19,78.5999
2024-06-20,39.3659
2024-06-21,148.661
2024-06-24,78.9391
2024-06-25,183.455
2024-06-26,217.255
2024-06-27,183.121
2024-06-28,182.544
2024-07-01,172.844
2024-07-02,0
2024-07-03,263.36
2024-07-04,0
2024-07-05,107.779
2024-07-08,21.1132
2024-07-09,52.8667
2024-07-10,79.3735
2024-07-11,79.6526
2024-07-12,40.1994
2024-07-15,150.396
2024-07-16,90.9556
2024-07-17,65.0695
2024-07-18,80.3428
2024-07-19,181.605
2024-07-22,225.584
2024-07-24,211.892
2024-07-25,212.783
2024-07-30,187.542
2024-07-31,115.528
2024-08-01,155.598
2024-08-02,160.252
2024-08-05,159.889
2024-08-07,128.123
2024-08-08,120.747
2024-08-09,142.125
2024-08-12,88.1175
2024-08-13,165.386
2024-08-14,160.578
2024-08-15,207.513
2024-08-16,101.528
2024-08-19,41.516
2024-08-20,125.487
2024-08-21,0
2024-08-22,186.22
2024-08-23,133.654
2024-08-26,0
2024-08-27,85.4838
2024-08-28,62.8443
2024-08-29,58.7199
2024-09-02,18.5898
2024-09-03,269.134
2024-09-04,364.546
2024-09-05,142.353
2024-09-06,212.015
2024-09-09,209.781
2024-09-10,183.304
2024-09-11,94.828
2024-09-12,176.528
2024-09-13,185.9
2024-09-16,188.31
2024-09-17,121.925
2024-09-18,125.09
2024-09-19,116.127
2024-09-20,252
2024-09-23,230.873
2024-09-24,106.261
2024-09-25,265.458
2024-09-26,158.253
2024-09-27,141.273
2024-09-30,150.332
2024-10-01,188.37
2024-10-02,96.7846
2024-10-03,168.946
2024-10-04,155.413
2024-10-07,152.398
2024-10-09,349.831
2024-10-10,153.446
2024-10-11,106.556
2024-10-14,0
2024-10-15,119.395
2024-10-16,286.366
2024-10-17,146.055
2024-10-18,118.889
2024-10-21,344.031
2024-10-22,0
2024-10-23,53.3092
2024-10-24,48.7493
2024-10-25,210.263
2024-10-28,106.005
2024-10-29,84.8919
2024-10-30,149.719
2024-10-31,106.191
2024-11-04,124.814
2024-11-05,105.929
2024-11-06,132.062
2024-11-07,79.9531
2024-11-08,132.665
2024-11-11,0
2024-11-12,91.9152
2024-11-13,157.866
2024-11-14,92.0447
2024-11-15,78.8561
2024-11-18,0
2024-11-19,37.9467
2024-11-20,79.0493
2024-11-21,79.0785
2024-11-22,52.6981
2024-11-25,0
2024-11-26,53.0546
2024-11-27,0
2024-11-28,0
2024-11-29,80.1582
2024-12-02,53.2297
2024-12-03,133.554
2024-12-04,187.336
2024-12-05,131.395
2024-12-06,134.3
2024-12-10,107.776
2024-12-11,107.501
2024-12-12,240.932
2024-12-13,107.052
2024-12-16,107.144
2024-12-17,187.086
2024-12-18,133.908
2024-12-19,160.462
2024-12-20,134.372
2024-12-23,160.979
2024-12-24,214.713
2024-12-26,133.572
2024-12-27,202.834
2024-12-30,185.706
2025-01-02,133.323
2025-01-03,159.617
2025-01-06,199.367
2025-01-07,185.676
2025-01-08,158.659
2025-01-09,185.893
2025-01-10,159.295
2025-01-13,290.947
2025-01-14,211.921
2025-01-15,159.443
2025-01-16,159.295
2025-01-17,154.861
2025-01-20,0
2025-01-21,160.862
2025-01-22,139.751
2025-01-23,215.482
2025-01-24,188.7
2025-01-27,160.484
2025-01-28,187.161
2025-01-29,161.195
2025-01-30,215.274
2025-01-31,198.78
2025-02-03,146.639
2025-02-04,143.046
2025-02-05,209.801
2025-02-06,180.53
2025-02-07,134.608
2025-02-10,137.363
2025-02-11,188.633
2025-02-12,104.826
2025-02-13,161.407
2025-02-14,135.026
2025-02-17,0
2025-02-18,162.765
2025-02-19,135.752
2025-02-20,108.616
2025-02-21,108.782
2025-02-24,27.1341
2025-02-25,0
2025-02-26,0
2025-02-27,0
2025-02-28,54.3596
2025-03-03,108.542
2025-03-04,189.712
2025-03-05,136.765
2025-03-06,191.944
2025-03-07,136.638
2025-03-10,191.142
2025-03-11,163.599
2025-03-12,136.582
2025-03-13,245.385
2025-03-14,188.679
2025-03-17,109.73
2025-03-18,165.111
2025-03-19,138.194
2025-03-20,165.636
2025-03-21,82.5696
2025-03-24,137.137
2025-03-25,137.453
2025-03-26,137.366
2025-03-27,82.2594
2025-03-28,0
2025-03-31,81.6838
2025-04-01,0
2025-04-02,81.5683
2025-04-03,191.053
2025-04-04,108.278
2025-04-07,108.047
2025-04-08,267.587
2025-04-09,160.256
2025-04-10,160.854
2025-04-11,107.331
2025-04-14,268.01
2025-04-15,266.83
2025-04-16,133.991
2025-04-21,188.954
2025-04-22,67.703
2025-04-23,189.44
2025-04-24,81.6221
2025-04-25,191.012
2025-04-28,190.918
2025-04-29,158.094
2025-04-30,136.04
2025-05-02,60.2476
2025-05-05,78.4153
2025-05-06,131.311
2025-05-07,136.82
2025-05-08,137.382
2025-05-09,105.425
2025-05-12,82.021
2025-05-13,136.747
2025-05-14,190.093
2025-05-15,108.607
2025-05-16,135.351
2025-05-19,189.949
2025-05-20,108.237
2025-05-21,0
2025-05-22,81.9493
2025-05-23,0
2025-05-26,0
2025-05-27,0
2025-05-28,0
2025-05-29,0
2025-05-30,0
2025-06-02,82.9715
2025-06-03,110.363
2025-06-04,83.0749
2025-06-05,110.308
2025-06-06,246.515
2025-06-09,82.436
2025-06-10,165.121
2025-06-11,82.5832
2025-06-12,138.286
2025-06-13,193.68
2025-06-16,83.1647
2025-06-17,138.381
2025-06-18,139.128
2025-06-19,0
2025-06-20,111.117
2025-06-23,138.947
2025-06-24,111.972
2025-06-25,112.013
2025-06-26,84.2176
2025-06-27,84.7482
2025-06-30,84.7865
2025-07-01,168.848
2025-07-02,112.575
2025-07-03,84.7099
2025-07-04,0
2025-07-07,112.363
2025-07-08,112.366
2025-07-09,112.689
2025-07-10,84.4595
2025-07-11,112.571
2025-07-14,112.202
2025-07-15,112.227
2025-07-16,141
2025-07-17,112.581
2025-07-18,168.294
2025-07-21,112.391
2025-07-22,140.544
2025-07-24,140.996
2025-07-25,129.72
2025-07-30,140.158
2025-07-31,222.86
2025-08-01,195.503
2025-08-04,140.095
2025-08-05,140.595
2025-08-07,132.716
2025-08-08,99.2767
2025-08-11,141.607
2025-08-12,198.881
2025-08-13,226.174
2025-08-14,168.445
2025-08-15,168.511
2025-08-18,169.014
2025-08-19,141.535
2025-08-20,84.9738
2025-08-21,0
2025-08-22,85.2539
2025-08-25,0
2025-08-26,56.5595
2025-08-27,56.2256
2025-08-28,84.6979
2025-08-29,0
2025-09-01,0
2025-09-02,84.7218
2025-09-03,84.9931
2025-09-04,141.415
2025-09-05,170.406
2025-09-08,113.876
2025-09-09,85.6482
2025-09-10,86.0832
2025-09-11,57.4746
2025-09-12,0
2025-09-15,114.498
2025-09-16,0
2025-09-17,0
2025-09-18,86.0437
2025-09-19,171.777
2025-09-22,0
2025-09-23,142.869
2025-09-24,142.588
2025-09-25,114.132
2025-09-26,143.045
2025-09-29,57.4994
2025-09-30,115.33
2025-10-01,0
2025-10-02,86.091
2025-10-03,0
2025-10-06,86.7002
2025-10-07,58.0198
2025-10-09,0
2025-10-10,203.477
2025-10-13,0
2025-10-14,146.062
2025-10-15,117.44
2025-10-16,0
2025-10-17,59.1279
2025-10-20,59.3261
2025-10-21,177.038
2025-10-22,117.581
2025-10-23,117.902
2025-10-24,59.1909
2025-10-27,0
2025-10-28,147.379
2025-10-29,59.011
2025-10-30,58.9206
2025-10-31,42.9833
2025-11-03,0
2025-11-04,59.0598
2025-11-05,0
2025-11-06,88.8942
2025-11-07,88.8784
2025-11-10,59.3261
2025-11-11,0
2025-11-12,59.3965
2025-11-13,59.4248
2025-11-14,89.0181
2025-11-17,59.4654
2025-11-18,89.0313
2025-11-19,118.466
2025-11-20,206.99
2025-11-21,88.5243
2025-11-24,88.6001
2025-11-25,59.1786
2025-11-26,0
2025-11-27,0
2025-11-28,0
2025-12-01,59.3208
2025-12-02,0
2025-12-03,0
2025-12-04,0
2025-12-05,0
2025-12-10,59.2839
2025-12-11,89.1345
2025-12-12,59.3718
2025-12-15,0
2025-12-16,0
2025-12-17,59.393
2025-12-18,0
2025-12-19,0
2025-12-22,0
2025-12-23,0
2025-12-24,0
2025-12-29,0
2025-12-30,0
2025-12-31,0
2026-01-05,0
2026-01-06,0
2026-01-07,0
2026-01-08,0
2026-01-09,0
2026-01-12,0
2026-01-13,0
2026-01-14,0
2026-01-15,0
2026-01-16,0
2026-01-19,0
2026-01-20,0
2026-01-21,0
2026-01-22,0
2026-01-23,0
2026-01-26,0
2026-01-27,0
2026-01-28,0
2026-01-29,0
2026-01-30,0
2026-02-02,0
2026-02-03,0
2026-02-04,0
2026-02-05,0
2026-02-06,0
2026-02-09,0
2026-02-10,0
2026-02-11,0
2026-02-12,0
2026-02-13,0
2026-02-16,0
2026-02-17,0
2026-02-18,0
2026-02-19,0
2026-02-20,0
2026-02-23,0
2026-02-24,0
2026-02-25,0
2026-02-26,0
2026-02-27,0
2026-03-02,0
2026-03-03,263.775
2026-03-04,146.615
2026-03-05,261.986
2026-03-06,337.504
2026-03-09,458.545
2026-03-10,0
2026-03-11,0
2026-03-12,319.127
2026-03-13,0
2026-03-16,0
2026-03-17,0
2026-03-18,145.607
2026-03-19,115.835
2026-03-20,86.2565
2026-03-23,86.8131
2026-03-24,0
2026-03-25,57.7367
2026-03-26,115.477
2026-03-27,192.032
2026-03-30,200.786
2026-03-31,0
2026-04-01,86.798
2026-04-06,0
2026-04-07,0
2026-04-08,0
2026-04-09,0
2026-04-10,0
2026-04-13,0
2026-04-14,22.1252
2026-04-15,581.463
2026-04-16,0
2026-04-17,0
2026-04-20,0
2026-04-21,0
2026-04-22,87.1713
2026-04-23,173.25
2026-04-24,373.796
2026-04-27,426.852
2026-04-28,227.467
2026-04-29,56.6604
2026-04-30,0
2026-05-04,0
2026-05-05,0
2026-05-06,0
2026-05-07,0
2026-05-08,0
2026-05-11,0
2026-05-12,0
2026-05-13,0
2026-05-14,0
2026-05-15,0
2026-05-18,0
2026-05-19,0
2026-05-20,0
2026-05-21,0
2026-05-22,0
2026-05-25,0
2026-05-26,0
2026-05-27,0
2026-05-28,0
2026-05-29,0
2026-06-01,0
2026-06-02,0
2026-06-03,0
2026-06-04,0
2026-06-05,57.8905
2026-06-08,114.162
2026-06-09,0
2026-06-10,0
2026-06-11,0
2026-06-12,0
2026-06-15,0
2026-06-16,0
2026-06-17,0
2026-06-18,0
2026-06-19,0
2026-06-22,0
2026-06-23,0
2026-06-24,0
2026-06-25,0
2026-06-26,0
2026-06-30,0
2026-07-01,0
2026-07-02,0
2026-07-03,0
2026-07-06,0
2026-07-07,0
2026-07-08,0
2026-07-09,0
2026-07-10,0
2026-07-13,0
2026-07-14,0
2026-07-15,0
2026-07-16,0
2026-07-17,0
2026-07-20,0
2026-07-21,0
2026-07-22,0
2026-07-24,0
2026-07-30,0
2026-07-31,0
2026-08-03,0
2026-08-04,0
2026-08-05,0
2026-08-07,0
2026-08-10,0
2026-08-11,0
2026-08-12,0
2026-08-13,0
2026-08-14,0
2026-08-17,0
2026-08-18,0
2026-08-19,0
2026-08-20,0
2026-08-21,0
2026-08-24,0
2026-08-25,0
2026-08-26,0
2026-08-27,0
2026-08-28,0
2026-08-31,59.4407
2026-09-01,0
2026-09-02,0
2026-09-03,0
2026-09-04,0
2026-09-07,0
2026-09-08,0
2026-09-09,0
2026-09-10,0
2026-09-11,0
2026-09-14,0
2026-09-15,0
2026-09-16,0
2026-09-17,0
2026-09-18,0
2026-09-21,0
2026-09-22,0
2026-09-23,0
2026-09-24,146.834
2026-09-25,0
2026-09-28,348.928
2026-09-29,0
2026-09-30,0
2026-10-01,144.743
2026-10-02,0
2026-10-05,0
2026-10-06,170.35
2026-10-07,115.958
